범죄별1,범죄별2,시점,발생지역별,데이터
범죄발생총건수(A) (건),소계,2014,전국,1933835.0
범죄발생총건수(A) (건),소계,2014,서울,389353.0
범죄발생총건수(A) (건),소계,2014,부산,147945.0
범죄발생총건수(A) (건),소계,2014,대구,103469.0
범죄발생총건수(A) (건),소계,2014,인천,103861.0
범죄발생총건수(A) (건),소계,2014,광주,71182.0
범죄발생총건수(A) (건),소계,2014,대전,50232.0
범죄발생총건수(A) (건),소계,2014,울산,45490.0
범죄발생총건수(A) (건),소계,2014,세종,3717.0
범죄발생총건수(A) (건),소계,2014,경기,442902.0
범죄발생총건수(A) (건),소계,2014,강원,58772.0
범죄발생총건수(A) (건),소계,2014,충북,55437.0
범죄발생총건수(A) (건),소계,2014,충남,77187.0
범죄발생총건수(A) (건),소계,2014,전북,62694.0
범죄발생총건수(A) (건),소계,2014,전남,71866.0
범죄발생총건수(A) (건),소계,2014,경북,95509.0
범죄발생총건수(A) (건),소계,2014,경남,121986.0
범죄발생총건수(A) (건),소계,2014,제주,32233.0
범죄발생총건수(A) (건),소계,2015,전국,2020731.0
범죄발생총건수(A) (건),소계,2015,서울,386488.0
범죄발생총건수(A) (건),소계,2015,부산,156472.0
범죄발생총건수(A) (건),소계,2015,대구,107728.0
범죄발생총건수(A) (건),소계,2015,인천,110230.0
범죄발생총건수(A) (건),소계,2015,광주,67136.0
범죄발생총건수(A) (건),소계,2015,대전,52193.0
범죄발생총건수(A) (건),소계,2015,울산,34213.0
범죄발생총건수(A) (건),소계,2015,세종,3897.0
범죄발생총건수(A) (건),소계,2015,경기,472930.0
범죄발생총건수(A) (건),소계,2015,강원,63243.0
범죄발생총건수(A) (건),소계,2015,충북,58288.0
범죄발생총건수(A) (건),소계,2015,충남,82007.0
범죄발생총건수(A) (건),소계,2015,전북,65686.0
범죄발생총건수(A) (건),소계,2015,전남,79687.0
범죄발생총건수(A) (건),소계,2015,경북,99762.0
범죄발생총건수(A) (건),소계,2015,경남,144936.0
범죄발생총건수(A) (건),소계,2015,제주,35835.0
범죄발생총건수(A) (건),소계,2016,전국,2008290.0
범죄발생총건수(A) (건),소계,2016,서울,372730.0
범죄발생총건수(A) (건),소계,2016,부산,144038.0
범죄발생총건수(A) (건),소계,2016,대구,93713.0
범죄발생총건수(A) (건),소계,2016,인천,109580.0
범죄발생총건수(A) (건),소계,2016,광주,60352.0
범죄발생총건수(A) (건),소계,2016,대전,51696.0
범죄발생총건수(A) (건),소계,2016,울산,29620.0
범죄발생총건수(A) (건),소계,2016,세종,4762.0
범죄발생총건수(A) (건),소계,2016,경기,523078.0
범죄발생총건수(A) (건),소계,2016,강원,64781.0
범죄발생총건수(A) (건),소계,2016,충북,61758.0
범죄발생총건수(A) (건),소계,2016,충남,78129.0
범죄발생총건수(A) (건),소계,2016,전북,62406.0
범죄발생총건수(A) (건),소계,2016,전남,74753.0
범죄발생총건수(A) (건),소계,2016,경북,96211.0
범죄발생총건수(A) (건),소계,2016,경남,143281.0
범죄발생총건수(A) (건),소계,2016,제주,37402.0
범죄발생총건수(A) (건),소계,2017,전국,1824876.0
범죄발생총건수(A) (건),소계,2017,서울,352471.0
범죄발생총건수(A) (건),소계,2017,부산,130148.0
범죄발생총건수(A) (건),소계,2017,대구,82281.0
범죄발생총건수(A) (건),소계,2017,인천,101526.0
범죄발생총건수(A) (건),소계,2017,광주,54627.0
범죄발생총건수(A) (건),소계,2017,대전,50357.0
범죄발생총건수(A) (건),소계,2017,울산,26558.0
범죄발생총건수(A) (건),소계,2017,세종,5023.0
범죄발생총건수(A) (건),소계,2017,경기,459893.0
범죄발생총건수(A) (건),소계,2017,강원,58900.0
범죄발생총건수(A) (건),소계,2017,충북,56944.0
범죄발생총건수(A) (건),소계,2017,충남,73772.0
범죄발생총건수(A) (건),소계,2017,전북,57238.0
범죄발생총건수(A) (건),소계,2017,전남,64618.0
범죄발생총건수(A) (건),소계,2017,경북,89049.0
범죄발생총건수(A) (건),소계,2017,경남,127294.0
범죄발생총건수(A) (건),소계,2017,제주,34177.0
범죄발생총건수(A) (건),소계,2018,전국,1738190.0
범죄발생총건수(A) (건),소계,2018,서울,341288.0
범죄발생총건수(A) (건),소계,2018,부산,126230.0
범죄발생총건수(A) (건),소계,2018,대구,79489.0
범죄발생총건수(A) (건),소계,2018,인천,94605.0
범죄발생총건수(A) (건),소계,2018,광주,51223.0
범죄발생총건수(A) (건),소계,2018,대전,48184.0
범죄발생총건수(A) (건),소계,2018,울산,25323.0
범죄발생총건수(A) (건),소계,2018,세종,5331.0
범죄발생총건수(A) (건),소계,2018,경기,429953.0
범죄발생총건수(A) (건),소계,2018,강원,52495.0
범죄발생총건수(A) (건),소계,2018,충북,53659.0
범죄발생총건수(A) (건),소계,2018,충남,75405.0
범죄발생총건수(A) (건),소계,2018,전북,56353.0
범죄발생총건수(A) (건),소계,2018,전남,65932.0
범죄발생총건수(A) (건),소계,2018,경북,85371.0
범죄발생총건수(A) (건),소계,2018,경남,117243.0
범죄발생총건수(A) (건),소계,2018,제주,30106.0
범죄발생총건수(A) (건),소계,2019,전국,1767684.0
범죄발생총건수(A) (건),소계,2019,서울,340504.0
범죄발생총건수(A) (건),소계,2019,부산,128725.0
범죄발생총건수(A) (건),소계,2019,대구,82905.0
범죄발생총건수(A) (건),소계,2019,인천,101289.0
범죄발생총건수(A) (건),소계,2019,광주,52827.0
범죄발생총건수(A) (건),소계,2019,대전,47929.0
범죄발생총건수(A) (건),소계,2019,울산,25814.0
범죄발생총건수(A) (건),소계,2019,세종,6300.0
범죄발생총건수(A) (건),소계,2019,경기,433498.0
범죄발생총건수(A) (건),소계,2019,강원,53289.0
범죄발생총건수(A) (건),소계,2019,충북,53801.0
범죄발생총건수(A) (건),소계,2019,충남,73817.0
범죄발생총건수(A) (건),소계,2019,전북,58012.0
범죄발생총건수(A) (건),소계,2019,전남,68566.0
범죄발생총건수(A) (건),소계,2019,경북,88098.0
범죄발생총건수(A) (건),소계,2019,경남,123992.0
범죄발생총건수(A) (건),소계,2019,제주,28318.0
범죄발생총건수(A) (건),소계,2020,전국,1714579.0
범죄발생총건수(A) (건),소계,2020,서울,318320.0
범죄발생총건수(A) (건),소계,2020,부산,127673.0
범죄발생총건수(A) (건),소계,2020,대구,79182.0
범죄발생총건수(A) (건),소계,2020,인천,96340.0
범죄발생총건수(A) (건),소계,2020,광주,49869.0
범죄발생총건수(A) (건),소계,2020,대전,46960.0
범죄발생총건수(A) (건),소계,2020,울산,24911.0
범죄발생총건수(A) (건),소계,2020,세종,6651.0
범죄발생총건수(A) (건),소계,2020,경기,429487.0
범죄발생총건수(A) (건),소계,2020,강원,51544.0
범죄발생총건수(A) (건),소계,2020,충북,51645.0
범죄발생총건수(A) (건),소계,2020,충남,71847.0
범죄발생총건수(A) (건),소계,2020,전북,56210.0
범죄발생총건수(A) (건),소계,2020,전남,67448.0
범죄발생총건수(A) (건),소계,2020,경북,83790.0
범죄발생총건수(A) (건),소계,2020,경남,123406.0
범죄발생총건수(A) (건),소계,2020,제주,29296.0
범죄발생총건수(A) (건),소계,2021,전국,1531705.0
범죄발생총건수(A) (건),소계,2021,서울,274830.0
범죄발생총건수(A) (건),소계,2021,부산,113558.0
범죄발생총건수(A) (건),소계,2021,대구,72339.0
범죄발생총건수(A) (건),소계,2021,인천,85432.0
범죄발생총건수(A) (건),소계,2021,광주,44610.0
범죄발생총건수(A) (건),소계,2021,대전,41921.0
범죄발생총건수(A) (건),소계,2021,울산,23463.0
범죄발생총건수(A) (건),소계,2021,세종,6147.0
범죄발생총건수(A) (건),소계,2021,경기,388004.0
범죄발생총건수(A) (건),소계,2021,강원,45398.0
범죄발생총건수(A) (건),소계,2021,충북,47020.0
범죄발생총건수(A) (건),소계,2021,충남,63290.0
범죄발생총건수(A) (건),소계,2021,전북,52587.0
범죄발생총건수(A) (건),소계,2021,전남,60205.0
범죄발생총건수(A) (건),소계,2021,경북,75300.0
범죄발생총건수(A) (건),소계,2021,경남,111102.0
범죄발생총건수(A) (건),소계,2021,제주,26499.0
범죄발생총건수(A) (건),소계,2022,전국,1575007.0
범죄발생총건수(A) (건),소계,2022,서울,295503.0
범죄발생총건수(A) (건),소계,2022,부산,118130.0
범죄발생총건수(A) (건),소계,2022,대구,71386.0
범죄발생총건수(A) (건),소계,2022,인천,91182.0
범죄발생총건수(A) (건),소계,2022,광주,42963.0
범죄발생총건수(A) (건),소계,2022,대전,45650.0
범죄발생총건수(A) (건),소계,2022,울산,17776.0
범죄발생총건수(A) (건),소계,2022,세종,6907.0
범죄발생총건수(A) (건),소계,2022,경기,391119.0
범죄발생총건수(A) (건),소계,2022,강원,46038.0
범죄발생총건수(A) (건),소계,2022,충북,47324.0
범죄발생총건수(A) (건),소계,2022,충남,67829.0
범죄발생총건수(A) (건),소계,2022,전북,53737.0
범죄발생총건수(A) (건),소계,2022,전남,61545.0
범죄발생총건수(A) (건),소계,2022,경북,78953.0
범죄발생총건수(A) (건),소계,2022,경남,111487.0
범죄발생총건수(A) (건),소계,2022,제주,27478.0
인구(B) (명),소계,2014,전국,51327916.0
인구(B) (명),소계,2014,서울,10103233.0
인구(B) (명),소계,2014,부산,3519401.0
인구(B) (명),소계,2014,대구,2493264.0
인구(B) (명),소계,2014,인천,2902608.0
인구(B) (명),소계,2014,광주,1475884.0
인구(B) (명),소계,2014,대전,1531809.0
인구(B) (명),소계,2014,울산,1166377.0
인구(B) (명),소계,2014,세종,156125.0
인구(B) (명),소계,2014,경기,12357830.0
인구(B) (명),소계,2014,강원,1544442.0
인구(B) (명),소계,2014,충북,1578933.0
인구(B) (명),소계,2014,충남,2062273.0
인구(B) (명),소계,2014,전북,1871560.0
인구(B) (명),소계,2014,전남,1905780.0
인구(B) (명),소계,2014,경북,2700794.0
인구(B) (명),소계,2014,경남,3350257.0
인구(B) (명),소계,2014,제주,607346.0
인구(B) (명),소계,2015,전국,51529338.0
인구(B) (명),소계,2015,서울,10022181.0
인구(B) (명),소계,2015,부산,3513777.0
인구(B) (명),소계,2015,대구,2487829.0
인구(B) (명),소계,2015,인천,2925815.0
인구(B) (명),소계,2015,광주,1472199.0
인구(B) (명),소계,2015,대전,1518775.0
인구(B) (명),소계,2015,울산,1173534.0
인구(B) (명),소계,2015,세종,210884.0
인구(B) (명),소계,2015,경기,12522606.0
인구(B) (명),소계,2015,강원,1549507.0
인구(B) (명),소계,2015,충북,1583952.0
인구(B) (명),소계,2015,충남,2077649.0
인구(B) (명),소계,2015,전북,1869711.0
인구(B) (명),소계,2015,전남,1908996.0
인구(B) (명),소계,2015,경북,2702826.0
인구(B) (명),소계,2015,경남,3364702.0
인구(B) (명),소계,2015,제주,624395.0
인구(B) (명),소계,2016,전국,51696216.0
인구(B) (명),소계,2016,서울,9930616.0
인구(B) (명),소계,2016,부산,3498529.0
인구(B) (명),소계,2016,대구,2484557.0
인구(B) (명),소계,2016,인천,2943069.0
인구(B) (명),소계,2016,광주,1469214.0
인구(B) (명),소계,2016,대전,1514370.0
인구(B) (명),소계,2016,울산,1172304.0
인구(B) (명),소계,2016,세종,243048.0
인구(B) (명),소계,2016,경기,12716780.0
인구(B) (명),소계,2016,강원,1550806.0
인구(B) (명),소계,2016,충북,1591625.0
인구(B) (명),소계,2016,충남,2096727.0
인구(B) (명),소계,2016,전북,1864791.0
인구(B) (명),소계,2016,전남,1903914.0
인구(B) (명),소계,2016,경북,2700398.0
인구(B) (명),소계,2016,경남,3373871.0
인구(B) (명),소계,2016,제주,641597.0
인구(B) (명),소계,2017,전국,51778544.0
인구(B) (명),소계,2017,서울,9857426.0
인구(B) (명),소계,2017,부산,3470653.0
인구(B) (명),소계,2017,대구,2475231.0
인구(B) (명),소계,2017,인천,2948542.0
인구(B) (명),소계,2017,광주,1463770.0
인구(B) (명),소계,2017,대전,1502227.0
인구(B) (명),소계,2017,울산,1165132.0
인구(B) (명),소계,2017,세종,280100.0
인구(B) (명),소계,2017,경기,12873895.0
인구(B) (명),소계,2017,강원,1550142.0
인구(B) (명),소계,2017,충북,1594432.0
인구(B) (명),소계,2017,충남,2116770.0
인구(B) (명),소계,2017,전북,1854607.0
인구(B) (명),소계,2017,전남,1896424.0
인구(B) (명),소계,2017,경북,2691706.0
인구(B) (명),소계,2017,경남,3380404.0
인구(B) (명),소계,2017,제주,657083.0
인구(B) (명),소계,2018,전국,51826059.0
인구(B) (명),소계,2018,서울,9765623.0
인구(B) (명),소계,2018,부산,3441453.0
인구(B) (명),소계,2018,대구,2461769.0
인구(B) (명),소계,2018,인천,2954642.0
인구(B) (명),소계,2018,광주,1459336.0
인구(B) (명),소계,2018,대전,1489936.0
인구(B) (명),소계,2018,울산,1155623.0
인구(B) (명),소계,2018,세종,314126.0
인구(B) (명),소계,2018,경기,13077153.0
인구(B) (명),소계,2018,강원,1543052.0
인구(B) (명),소계,2018,충북,1599252.0
인구(B) (명),소계,2018,충남,2126282.0
인구(B) (명),소계,2018,전북,1836832.0
인구(B) (명),소계,2018,전남,1882970.0
인구(B) (명),소계,2018,경북,2676831.0
인구(B) (명),소계,2018,경남,3373988.0
인구(B) (명),소계,2018,제주,667191.0
인구(B) (명),소계,2019,전국,51849861.0
인구(B) (명),소계,2019,서울,9729107.0
인구(B) (명),소계,2019,부산,3413841.0
인구(B) (명),소계,2019,대구,2438031.0
인구(B) (명),소계,2019,인천,2957026.0
인구(B) (명),소계,2019,광주,1456468.0
인구(B) (명),소계,2019,대전,1474870.0
인구(B) (명),소계,2019,울산,1148019.0
인구(B) (명),소계,2019,세종,340575.0
인구(B) (명),소계,2019,경기,13239666.0
인구(B) (명),소계,2019,강원,1541502.0
인구(B) (명),소계,2019,충북,1600007.0
인구(B) (명),소계,2019,충남,2123709.0
인구(B) (명),소계,2019,전북,1818917.0
인구(B) (명),소계,2019,전남,1868745.0
인구(B) (명),소계,2019,경북,2665836.0
인구(B) (명),소계,2019,경남,3362553.0
인구(B) (명),소계,2019,제주,670989.0
인구(B) (명),소계,2020,전국,51829023.0
인구(B) (명),소계,2020,서울,9668465.0
인구(B) (명),소계,2020,부산,3391946.0
인구(B) (명),소계,2020,대구,2418346.0
인구(B) (명),소계,2020,인천,2942828.0
인구(B) (명),소계,2020,광주,1450062.0
인구(B) (명),소계,2020,대전,1463882.0
인구(B) (명),소계,2020,울산,1136017.0
인구(B) (명),소계,2020,세종,355831.0
인구(B) (명),소계,2020,경기,13427014.0
인구(B) (명),소계,2020,강원,1542840.0
인구(B) (명),소계,2020,충북,1600837.0
인구(B) (명),소계,2020,충남,2121029.0
인구(B) (명),소계,2020,전북,1804104.0
인구(B) (명),소계,2020,전남,1851549.0
인구(B) (명),소계,2020,경북,2639422.0
인구(B) (명),소계,2020,경남,3340216.0
인구(B) (명),소계,2020,제주,674635.0
인구(B) (명),소계,2021,전국,51638809.0
인구(B) (명),소계,2021,서울,9509458.0
인구(B) (명),소계,2021,부산,3350380.0
인구(B) (명),소계,2021,대구,2385412.0
인구(B) (명),소계,2021,인천,2948375.0
인구(B) (명),소계,2021,광주,1441611.0
인구(B) (명),소계,2021,대전,1452251.0
인구(B) (명),소계,2021,울산,1121592.0
인구(B) (명),소계,2021,세종,371895.0
인구(B) (명),소계,2021,경기,13565450.0
인구(B) (명),소계,2021,강원,1538492.0
인구(B) (명),소계,2021,충북,1597427.0
인구(B) (명),소계,2021,충남,2119257.0
인구(B) (명),소계,2021,전북,1786855.0
인구(B) (명),소계,2021,전남,1832803.0
인구(B) (명),소계,2021,경북,2626609.0
인구(B) (명),소계,2021,경남,3314183.0
인구(B) (명),소계,2021,제주,676759.0
인구(B) (명),소계,2022,전국,51439038.0
인구(B) (명),소계,2022,서울,9428372.0
인구(B) (명),소계,2022,부산,3317812.0
인구(B) (명),소계,2022,대구,2363691.0
인구(B) (명),소계,2022,인천,2967314.0
인구(B) (명),소계,2022,광주,1431050.0
인구(B) (명),소계,2022,대전,1446072.0
인구(B) (명),소계,2022,울산,1110663.0
인구(B) (명),소계,2022,세종,383591.0
인구(B) (명),소계,2022,경기,13589432.0
인구(B) (명),소계,2022,강원,1536498.0
인구(B) (명),소계,2022,충북,1595058.0
인구(B) (명),소계,2022,충남,2123037.0
인구(B) (명),소계,2022,전북,1769607.0
인구(B) (명),소계,2022,전남,1817697.0
인구(B) (명),소계,2022,경북,2600492.0
인구(B) (명),소계,2022,경남,3280493.0
인구(B) (명),소계,2022,제주,678159.0
"A/Bⅹ100,000 (건/10만명)",소계,2014,전국,3768.0
"A/Bⅹ100,000 (건/10만명)",소계,2014,서울,3854.0
"A/Bⅹ100,000 (건/10만명)",소계,2014,부산,4204.0
"A/Bⅹ100,000 (건/10만명)",소계,2014,대구,4150.0
"A/Bⅹ100,000 (건/10만명)",소계,2014,인천,3578.0
"A/Bⅹ100,000 (건/10만명)",소계,2014,광주,4823.0
"A/Bⅹ100,000 (건/10만명)",소계,2014,대전,3279.0
"A/Bⅹ100,000 (건/10만명)",소계,2014,울산,3900.0
"A/Bⅹ100,000 (건/10만명)",소계,2014,세종,2381.0
"A/Bⅹ100,000 (건/10만명)",소계,2014,경기,3584.0
"A/Bⅹ100,000 (건/10만명)",소계,2014,강원,3805.0
"A/Bⅹ100,000 (건/10만명)",소계,2014,충북,3511.0
"A/Bⅹ100,000 (건/10만명)",소계,2014,충남,3743.0
"A/Bⅹ100,000 (건/10만명)",소계,2014,전북,3350.0
"A/Bⅹ100,000 (건/10만명)",소계,2014,전남,3771.0
"A/Bⅹ100,000 (건/10만명)",소계,2014,경북,3536.0
"A/Bⅹ100,000 (건/10만명)",소계,2014,경남,3641.0
"A/Bⅹ100,000 (건/10만명)",소계,2014,제주,5307.0
"A/Bⅹ100,000 (건/10만명)",소계,2015,전국,3922.0
"A/Bⅹ100,000 (건/10만명)",소계,2015,서울,3856.0
"A/Bⅹ100,000 (건/10만명)",소계,2015,부산,4453.0
"A/Bⅹ100,000 (건/10만명)",소계,2015,대구,4330.0
"A/Bⅹ100,000 (건/10만명)",소계,2015,인천,3767.0
"A/Bⅹ100,000 (건/10만명)",소계,2015,광주,4560.0
"A/Bⅹ100,000 (건/10만명)",소계,2015,대전,3437.0
"A/Bⅹ100,000 (건/10만명)",소계,2015,울산,2915.0
"A/Bⅹ100,000 (건/10만명)",소계,2015,세종,1848.0
"A/Bⅹ100,000 (건/10만명)",소계,2015,경기,3777.0
"A/Bⅹ100,000 (건/10만명)",소계,2015,강원,4081.0
"A/Bⅹ100,000 (건/10만명)",소계,2015,충북,3680.0
"A/Bⅹ100,000 (건/10만명)",소계,2015,충남,3947.0
"A/Bⅹ100,000 (건/10만명)",소계,2015,전북,3513.0
"A/Bⅹ100,000 (건/10만명)",소계,2015,전남,4174.0
"A/Bⅹ100,000 (건/10만명)",소계,2015,경북,3691.0
"A/Bⅹ100,000 (건/10만명)",소계,2015,경남,4308.0
"A/Bⅹ100,000 (건/10만명)",소계,2015,제주,5739.0
"A/Bⅹ100,000 (건/10만명)",소계,2016,전국,3884.8
"A/Bⅹ100,000 (건/10만명)",소계,2016,서울,3753.3
"A/Bⅹ100,000 (건/10만명)",소계,2016,부산,4117.1
"A/Bⅹ100,000 (건/10만명)",소계,2016,대구,3771.8
"A/Bⅹ100,000 (건/10만명)",소계,2016,인천,3723.3
"A/Bⅹ100,000 (건/10만명)",소계,2016,광주,4107.8
"A/Bⅹ100,000 (건/10만명)",소계,2016,대전,3413.7
"A/Bⅹ100,000 (건/10만명)",소계,2016,울산,2526.6
"A/Bⅹ100,000 (건/10만명)",소계,2016,세종,1959.3
"A/Bⅹ100,000 (건/10만명)",소계,2016,경기,4113.3
"A/Bⅹ100,000 (건/10만명)",소계,2016,강원,4177.2
"A/Bⅹ100,000 (건/10만명)",소계,2016,충북,3880.2
"A/Bⅹ100,000 (건/10만명)",소계,2016,충남,3726.2
"A/Bⅹ100,000 (건/10만명)",소계,2016,전북,3346.5
"A/Bⅹ100,000 (건/10만명)",소계,2016,전남,3926.3
"A/Bⅹ100,000 (건/10만명)",소계,2016,경북,3562.8
"A/Bⅹ100,000 (건/10만명)",소계,2016,경남,4246.8
"A/Bⅹ100,000 (건/10만명)",소계,2016,제주,5829.5
"A/Bⅹ100,000 (건/10만명)",소계,2017,전국,3524.4
"A/Bⅹ100,000 (건/10만명)",소계,2017,서울,3575.7
"A/Bⅹ100,000 (건/10만명)",소계,2017,부산,3750.0
"A/Bⅹ100,000 (건/10만명)",소계,2017,대구,3324.2
"A/Bⅹ100,000 (건/10만명)",소계,2017,인천,3443.3
"A/Bⅹ100,000 (건/10만명)",소계,2017,광주,3731.9
"A/Bⅹ100,000 (건/10만명)",소계,2017,대전,3352.2
"A/Bⅹ100,000 (건/10만명)",소계,2017,울산,2279.4
"A/Bⅹ100,000 (건/10만명)",소계,2017,세종,1793.3
"A/Bⅹ100,000 (건/10만명)",소계,2017,경기,3572.3
"A/Bⅹ100,000 (건/10만명)",소계,2017,강원,3799.7
"A/Bⅹ100,000 (건/10만명)",소계,2017,충북,3571.4
"A/Bⅹ100,000 (건/10만명)",소계,2017,충남,3485.1
"A/Bⅹ100,000 (건/10만명)",소계,2017,전북,3086.3
"A/Bⅹ100,000 (건/10만명)",소계,2017,전남,3407.4
"A/Bⅹ100,000 (건/10만명)",소계,2017,경북,3308.3
"A/Bⅹ100,000 (건/10만명)",소계,2017,경남,3765.6
"A/Bⅹ100,000 (건/10만명)",소계,2017,제주,5201.3
"A/Bⅹ100,000 (건/10만명)",소계,2018,전국,3353.9
"A/Bⅹ100,000 (건/10만명)",소계,2018,서울,3494.8
"A/Bⅹ100,000 (건/10만명)",소계,2018,부산,3667.9
"A/Bⅹ100,000 (건/10만명)",소계,2018,대구,3228.9
"A/Bⅹ100,000 (건/10만명)",소계,2018,인천,3201.9
"A/Bⅹ100,000 (건/10만명)",소계,2018,광주,3510.0
"A/Bⅹ100,000 (건/10만명)",소계,2018,대전,3234.0
"A/Bⅹ100,000 (건/10만명)",소계,2018,울산,2191.3
"A/Bⅹ100,000 (건/10만명)",소계,2018,세종,1697.1
"A/Bⅹ100,000 (건/10만명)",소계,2018,경기,3287.8
"A/Bⅹ100,000 (건/10만명)",소계,2018,강원,3402.0
"A/Bⅹ100,000 (건/10만명)",소계,2018,충북,3355.3
"A/Bⅹ100,000 (건/10만명)",소계,2018,충남,3546.3
"A/Bⅹ100,000 (건/10만명)",소계,2018,전북,3067.9
"A/Bⅹ100,000 (건/10만명)",소계,2018,전남,3501.5
"A/Bⅹ100,000 (건/10만명)",소계,2018,경북,3189.3
"A/Bⅹ100,000 (건/10만명)",소계,2018,경남,3474.9
"A/Bⅹ100,000 (건/10만명)",소계,2018,제주,4512.4
"A/Bⅹ100,000 (건/10만명)",소계,2019,전국,3409.2
"A/Bⅹ100,000 (건/10만명)",소계,2019,서울,3499.8
"A/Bⅹ100,000 (건/10만명)",소계,2019,부산,3770.7
"A/Bⅹ100,000 (건/10만명)",소계,2019,대구,3400.5
"A/Bⅹ100,000 (건/10만명)",소계,2019,인천,3425.4
"A/Bⅹ100,000 (건/10만명)",소계,2019,광주,3627.1
"A/Bⅹ100,000 (건/10만명)",소계,2019,대전,3249.7
"A/Bⅹ100,000 (건/10만명)",소계,2019,울산,2248.6
"A/Bⅹ100,000 (건/10만명)",소계,2019,세종,1849.8
"A/Bⅹ100,000 (건/10만명)",소계,2019,경기,3274.2
"A/Bⅹ100,000 (건/10만명)",소계,2019,강원,3457.0
"A/Bⅹ100,000 (건/10만명)",소계,2019,충북,3362.5
"A/Bⅹ100,000 (건/10만명)",소계,2019,충남,3475.9
"A/Bⅹ100,000 (건/10만명)",소계,2019,전북,3189.4
"A/Bⅹ100,000 (건/10만명)",소계,2019,전남,3669.1
"A/Bⅹ100,000 (건/10만명)",소계,2019,경북,3304.7
"A/Bⅹ100,000 (건/10만명)",소계,2019,경남,3687.4
"A/Bⅹ100,000 (건/10만명)",소계,2019,제주,4220.3
"A/Bⅹ100,000 (건/10만명)",소계,2020,전국,3308.1
"A/Bⅹ100,000 (건/10만명)",소계,2020,서울,3292.4
"A/Bⅹ100,000 (건/10만명)",소계,2020,부산,3764.0
"A/Bⅹ100,000 (건/10만명)",소계,2020,대구,3274.2
"A/Bⅹ100,000 (건/10만명)",소계,2020,인천,3273.7
"A/Bⅹ100,000 (건/10만명)",소계,2020,광주,3439.1
"A/Bⅹ100,000 (건/10만명)",소계,2020,대전,3207.9
"A/Bⅹ100,000 (건/10만명)",소계,2020,울산,2192.8
"A/Bⅹ100,000 (건/10만명)",소계,2020,세종,1869.1
"A/Bⅹ100,000 (건/10만명)",소계,2020,경기,3198.7
"A/Bⅹ100,000 (건/10만명)",소계,2020,강원,3340.9
"A/Bⅹ100,000 (건/10만명)",소계,2020,충북,3226.1
"A/Bⅹ100,000 (건/10만명)",소계,2020,충남,3387.4
"A/Bⅹ100,000 (건/10만명)",소계,2020,전북,3115.7
"A/Bⅹ100,000 (건/10만명)",소계,2020,전남,3642.8
"A/Bⅹ100,000 (건/10만명)",소계,2020,경북,3174.6
"A/Bⅹ100,000 (건/10만명)",소계,2020,경남,3694.6
"A/Bⅹ100,000 (건/10만명)",소계,2020,제주,4342.5
"A/Bⅹ100,000 (건/10만명)",소계,2021,전국,2966.2
"A/Bⅹ100,000 (건/10만명)",소계,2021,서울,2890.1
"A/Bⅹ100,000 (건/10만명)",소계,2021,부산,3389.4
"A/Bⅹ100,000 (건/10만명)",소계,2021,대구,3032.6
"A/Bⅹ100,000 (건/10만명)",소계,2021,인천,2897.6
"A/Bⅹ100,000 (건/10만명)",소계,2021,광주,3094.5
"A/Bⅹ100,000 (건/10만명)",소계,2021,대전,2886.6
"A/Bⅹ100,000 (건/10만명)",소계,2021,울산,2091.9
"A/Bⅹ100,000 (건/10만명)",소계,2021,세종,1652.9
"A/Bⅹ100,000 (건/10만명)",소계,2021,경기,2860.2
"A/Bⅹ100,000 (건/10만명)",소계,2021,강원,2950.8
"A/Bⅹ100,000 (건/10만명)",소계,2021,충북,2943.5
"A/Bⅹ100,000 (건/10만명)",소계,2021,충남,2986.4
"A/Bⅹ100,000 (건/10만명)",소계,2021,전북,2943.0
"A/Bⅹ100,000 (건/10만명)",소계,2021,전남,3284.9
"A/Bⅹ100,000 (건/10만명)",소계,2021,경북,2866.8
"A/Bⅹ100,000 (건/10만명)",소계,2021,경남,3352.3
"A/Bⅹ100,000 (건/10만명)",소계,2021,제주,3915.6
"A/Bⅹ100,000 (건/10만명)",소계,2022,전국,3061.9
"A/Bⅹ100,000 (건/10만명)",소계,2022,서울,3134.2
"A/Bⅹ100,000 (건/10만명)",소계,2022,부산,3560.5
"A/Bⅹ100,000 (건/10만명)",소계,2022,대구,3020.1
"A/Bⅹ100,000 (건/10만명)",소계,2022,인천,3072.9
"A/Bⅹ100,000 (건/10만명)",소계,2022,광주,3002.2
"A/Bⅹ100,000 (건/10만명)",소계,2022,대전,3156.8
"A/Bⅹ100,000 (건/10만명)",소계,2022,울산,1600.5
"A/Bⅹ100,000 (건/10만명)",소계,2022,세종,1800.6
"A/Bⅹ100,000 (건/10만명)",소계,2022,경기,2878.1
"A/Bⅹ100,000 (건/10만명)",소계,2022,강원,2996.3
"A/Bⅹ100,000 (건/10만명)",소계,2022,충북,2966.9
"A/Bⅹ100,000 (건/10만명)",소계,2022,충남,3194.9
"A/Bⅹ100,000 (건/10만명)",소계,2022,전북,3036.7
"A/Bⅹ100,000 (건/10만명)",소계,2022,전남,3385.9
"A/Bⅹ100,000 (건/10만명)",소계,2022,경북,3036.1
"A/Bⅹ100,000 (건/10만명)",소계,2022,경남,3398.5
"A/Bⅹ100,000 (건/10만명)",소계,2022,제주,4051.9
형법범 (건),소계,2014,전국,1016209.0
형법범 (건),소계,2014,서울,237144.0
형법범 (건),소계,2014,부산,81265.0
형법범 (건),소계,2014,대구,48979.0
형법범 (건),소계,2014,인천,51529.0
형법범 (건),소계,2014,광주,35533.0
형법범 (건),소계,2014,대전,31032.0
형법범 (건),소계,2014,울산,22995.0
형법범 (건),소계,2014,세종,1807.0
형법범 (건),소계,2014,경기,225487.0
형법범 (건),소계,2014,강원,27785.0
형법범 (건),소계,2014,충북,28426.0
형법범 (건),소계,2014,충남,38475.0
형법범 (건),소계,2014,전북,30971.0
형법범 (건),소계,2014,전남,32903.0
형법범 (건),소계,2014,경북,44001.0
형법범 (건),소계,2014,경남,60972.0
형법범 (건),소계,2014,제주,16905.0
형법범 (건),소계,2015,전국,1047761.0
형법범 (건),소계,2015,서울,237255.0
형법범 (건),소계,2015,부산,81744.0
형법범 (건),소계,2015,대구,50785.0
형법범 (건),소계,2015,인천,55758.0
형법범 (건),소계,2015,광주,33205.0
형법범 (건),소계,2015,대전,32203.0
형법범 (건),소계,2015,울산,14839.0
형법범 (건),소계,2015,세종,2196.0
형법범 (건),소계,2015,경기,239420.0
형법범 (건),소계,2015,강원,28821.0
형법범 (건),소계,2015,충북,29343.0
형법범 (건),소계,2015,충남,39230.0
형법범 (건),소계,2015,전북,34146.0
형법범 (건),소계,2015,전남,34731.0
형법범 (건),소계,2015,경북,45126.0
형법범 (건),소계,2015,경남,71645.0
형법범 (건),소계,2015,제주,17314.0
형법범 (건),소계,2016,전국,1005689.0
형법범 (건),소계,2016,서울,226444.0
형법범 (건),소계,2016,부산,76954.0
형법범 (건),소계,2016,대구,45399.0
형법범 (건),소계,2016,인천,57485.0
형법범 (건),소계,2016,광주,28555.0
형법범 (건),소계,2016,대전,30300.0
형법범 (건),소계,2016,울산,13889.0
형법범 (건),소계,2016,세종,2633.0
형법범 (건),소계,2016,경기,234030.0
형법범 (건),소계,2016,강원,29324.0
형법범 (건),소계,2016,충북,28664.0
형법범 (건),소계,2016,충남,37423.0
형법범 (건),소계,2016,전북,31738.0
형법범 (건),소계,2016,전남,32484.0
형법범 (건),소계,2016,경북,44872.0
형법범 (건),소계,2016,경남,67682.0
형법범 (건),소계,2016,제주,17813.0
형법범 (건),소계,2017,전국,958865.0
형법범 (건),소계,2017,서울,214250.0
형법범 (건),소계,2017,부산,74721.0
형법범 (건),소계,2017,대구,43020.0
형법범 (건),소계,2017,인천,55215.0
형법범 (건),소계,2017,광주,26369.0
형법범 (건),소계,2017,대전,28799.0
형법범 (건),소계,2017,울산,13000.0
형법범 (건),소계,2017,세종,2894.0
형법범 (건),소계,2017,경기,225477.0
형법범 (건),소계,2017,강원,28283.0
형법범 (건),소계,2017,충북,27624.0
형법범 (건),소계,2017,충남,36893.0
형법범 (건),소계,2017,전북,29043.0
형법범 (건),소계,2017,전남,29412.0
형법범 (건),소계,2017,경북,42499.0
형법범 (건),소계,2017,경남,64458.0
형법범 (건),소계,2017,제주,16908.0
형법범 (건),소계,2018,전국,988398.0
형법범 (건),소계,2018,서울,213505.0
형법범 (건),소계,2018,부산,75907.0
형법범 (건),소계,2018,대구,44294.0
형법범 (건),소계,2018,인천,59118.0
형법범 (건),소계,2018,광주,28120.0
형법범 (건),소계,2018,대전,29932.0
형법범 (건),소계,2018,울산,13382.0
형법범 (건),소계,2018,세종,3170.0
형법범 (건),소계,2018,경기,235878.0
형법범 (건),소계,2018,강원,27132.0
형법범 (건),소계,2018,충북,28646.0
형법범 (건),소계,2018,충남,39723.0
형법범 (건),소계,2018,전북,30835.0
형법범 (건),소계,2018,전남,32365.0
형법범 (건),소계,2018,경북,43203.0
형법범 (건),소계,2018,경남,65424.0
형법범 (건),소계,2018,제주,17764.0
형법범 (건),소계,2019,전국,1041395.0
형법범 (건),소계,2019,서울,220375.0
형법범 (건),소계,2019,부산,81027.0
형법범 (건),소계,2019,대구,48919.0
형법범 (건),소계,2019,인천,63447.0
형법범 (건),소계,2019,광주,30296.0
형법범 (건),소계,2019,대전,30255.0
형법범 (건),소계,2019,울산,13133.0
형법범 (건),소계,2019,세종,4024.0
형법범 (건),소계,2019,경기,249200.0
형법범 (건),소계,2019,강원,28829.0
형법범 (건),소계,2019,충북,30417.0
형법범 (건),소계,2019,충남,40207.0
형법범 (건),소계,2019,전북,31582.0
형법범 (건),소계,2019,전남,33176.0
형법범 (건),소계,2019,경북,48478.0
형법범 (건),소계,2019,경남,70595.0
형법범 (건),소계,2019,제주,17435.0
형법범 (건),소계,2020,전국,1044438.0
형법범 (건),소계,2020,서울,212043.0
형법범 (건),소계,2020,부산,83892.0
형법범 (건),소계,2020,대구,48772.0
형법범 (건),소계,2020,인천,61151.0
형법범 (건),소계,2020,광주,29178.0
형법범 (건),소계,2020,대전,30771.0
형법범 (건),소계,2020,울산,13630.0
형법범 (건),소계,2020,세종,4199.0
형법범 (건),소계,2020,경기,255655.0
형법범 (건),소계,2020,강원,28098.0
형법범 (건),소계,2020,충북,29971.0
형법범 (건),소계,2020,충남,39948.0
형법범 (건),소계,2020,전북,32485.0
형법범 (건),소계,2020,전남,33422.0
형법범 (건),소계,2020,경북,47638.0
형법범 (건),소계,2020,경남,74756.0
형법범 (건),소계,2020,제주,18829.0
형법범 (건),소계,2021,전국,917787.0
형법범 (건),소계,2021,서울,179429.0
형법범 (건),소계,2021,부산,71623.0
형법범 (건),소계,2021,대구,44696.0
형법범 (건),소계,2021,인천,52815.0
형법범 (건),소계,2021,광주,25950.0
형법범 (건),소계,2021,대전,27519.0
형법범 (건),소계,2021,울산,12267.0
형법범 (건),소계,2021,세종,3924.0
형법범 (건),소계,2021,경기,226885.0
형법범 (건),소계,2021,강원,24878.0
형법범 (건),소계,2021,충북,27335.0
형법범 (건),소계,2021,충남,34050.0
형법범 (건),소계,2021,전북,30084.0
형법범 (건),소계,2021,전남,31332.0
형법범 (건),소계,2021,경북,41387.0
형법범 (건),소계,2021,경남,66377.0
형법범 (건),소계,2021,제주,17236.0
형법범 (건),소계,2022,전국,1003883.0
형법범 (건),소계,2022,서울,205245.0
형법범 (건),소계,2022,부산,77357.0
형법범 (건),소계,2022,대구,46835.0
형법범 (건),소계,2022,인천,57875.0
형법범 (건),소계,2022,광주,26617.0
형법범 (건),소계,2022,대전,32980.0
형법범 (건),소계,2022,울산,9356.0
형법범 (건),소계,2022,세종,4683.0
형법범 (건),소계,2022,경기,244061.0
형법범 (건),소계,2022,강원,27790.0
형법범 (건),소계,2022,충북,30086.0
형법범 (건),소계,2022,충남,39562.0
형법범 (건),소계,2022,전북,32264.0
형법범 (건),소계,2022,전남,32655.0
형법범 (건),소계,2022,경북,48346.0
형법범 (건),소계,2022,경남,69122.0
형법범 (건),소계,2022,제주,19049.0
형법범 (건),재산범죄,2014,전국,617119.0
형법범 (건),재산범죄,2014,서울,141448.0
형법범 (건),재산범죄,2014,부산,50570.0
형법범 (건),재산범죄,2014,대구,30337.0
형법범 (건),재산범죄,2014,인천,28995.0
형법범 (건),재산범죄,2014,광주,22201.0
형법범 (건),재산범죄,2014,대전,21519.0
형법범 (건),재산범죄,2014,울산,13383.0
형법범 (건),재산범죄,2014,세종,1205.0
형법범 (건),재산범죄,2014,경기,135456.0
형법범 (건),재산범죄,2014,강원,15373.0
형법범 (건),재산범죄,2014,충북,17312.0
형법범 (건),재산범죄,2014,충남,25060.0
형법범 (건),재산범죄,2014,전북,19119.0
형법범 (건),재산범죄,2014,전남,18925.0
형법범 (건),재산범죄,2014,경북,27511.0
형법범 (건),재산범죄,2014,경남,38782.0
형법범 (건),재산범죄,2014,제주,9923.0
형법범 (건),재산범죄,2015,전국,622126.0
형법범 (건),재산범죄,2015,서울,139703.0
형법범 (건),재산범죄,2015,부산,49670.0
형법범 (건),재산범죄,2015,대구,30348.0
형법범 (건),재산범죄,2015,인천,31102.0
형법범 (건),재산범죄,2015,광주,20177.0
형법범 (건),재산범죄,2015,대전,20371.0
형법범 (건),재산범죄,2015,울산,8556.0
형법범 (건),재산범죄,2015,세종,1452.0
형법범 (건),재산범죄,2015,경기,140213.0
형법범 (건),재산범죄,2015,강원,15870.0
형법범 (건),재산범죄,2015,충북,17597.0
형법범 (건),재산범죄,2015,충남,25036.0
형법범 (건),재산범죄,2015,전북,21422.0
형법범 (건),재산범죄,2015,전남,19099.0
형법범 (건),재산범죄,2015,경북,27401.0
형법범 (건),재산범죄,2015,경남,44275.0
형법범 (건),재산범죄,2015,제주,9834.0
형법범 (건),재산범죄,2016,전국,573445.0
형법범 (건),재산범죄,2016,서울,130097.0
형법범 (건),재산범죄,2016,부산,45408.0
형법범 (건),재산범죄,2016,대구,25420.0
형법범 (건),재산범죄,2016,인천,30828.0
형법범 (건),재산범죄,2016,광주,16543.0
형법범 (건),재산범죄,2016,대전,17645.0
형법범 (건),재산범죄,2016,울산,7304.0
형법범 (건),재산범죄,2016,세종,1587.0
형법범 (건),재산범죄,2016,경기,132549.0
형법범 (건),재산범죄,2016,강원,15368.0
형법범 (건),재산범죄,2016,충북,16294.0
형법범 (건),재산범죄,2016,충남,22725.0
형법범 (건),재산범죄,2016,전북,18932.0
형법범 (건),재산범죄,2016,전남,17693.0
형법범 (건),재산범죄,2016,경북,26578.0
형법범 (건),재산범죄,2016,경남,39549.0
형법범 (건),재산범죄,2016,제주,8925.0
형법범 (건),재산범죄,2017,전국,542336.0
형법범 (건),재산범죄,2017,서울,122995.0
형법범 (건),재산범죄,2017,부산,43673.0
형법범 (건),재산범죄,2017,대구,24368.0
형법범 (건),재산범죄,2017,인천,28714.0
형법범 (건),재산범죄,2017,광주,14857.0
형법범 (건),재산범죄,2017,대전,16291.0
형법범 (건),재산범죄,2017,울산,7172.0
형법범 (건),재산범죄,2017,세종,1815.0
형법범 (건),재산범죄,2017,경기,127292.0
형법범 (건),재산범죄,2017,강원,14566.0
형법범 (건),재산범죄,2017,충북,15981.0
형법범 (건),재산범죄,2017,충남,21983.0
형법범 (건),재산범죄,2017,전북,16766.0
형법범 (건),재산범죄,2017,전남,15289.0
형법범 (건),재산범죄,2017,경북,25008.0
형법범 (건),재산범죄,2017,경남,37029.0
형법범 (건),재산범죄,2017,제주,8537.0
형법범 (건),재산범죄,2018,전국,576937.0
형법범 (건),재산범죄,2018,서울,125729.0
형법범 (건),재산범죄,2018,부산,45536.0
형법범 (건),재산범죄,2018,대구,25896.0
형법범 (건),재산범죄,2018,인천,32555.0
형법범 (건),재산범죄,2018,광주,16086.0
형법범 (건),재산범죄,2018,대전,16837.0
형법범 (건),재산범죄,2018,울산,7770.0
형법범 (건),재산범죄,2018,세종,2037.0
형법범 (건),재산범죄,2018,경기,137837.0
형법범 (건),재산범죄,2018,강원,14419.0
형법범 (건),재산범죄,2018,충북,17200.0
형법범 (건),재산범죄,2018,충남,24075.0
형법범 (건),재산범죄,2018,전북,17899.0
형법범 (건),재산범죄,2018,전남,17928.0
형법범 (건),재산범죄,2018,경북,26394.0
형법범 (건),재산범죄,2018,경남,39264.0
형법범 (건),재산범죄,2018,제주,9475.0
형법범 (건),재산범죄,2019,전국,627430.0
형법범 (건),재산범죄,2019,서울,133564.0
형법범 (건),재산범죄,2019,부산,50307.0
형법범 (건),재산범죄,2019,대구,30454.0
형법범 (건),재산범죄,2019,인천,35354.0
형법범 (건),재산범죄,2019,광주,17756.0
형법범 (건),재산범죄,2019,대전,18462.0
형법범 (건),재산범죄,2019,울산,7945.0
형법범 (건),재산범죄,2019,세종,2735.0
형법범 (건),재산범죄,2019,경기,149834.0
형법범 (건),재산범죄,2019,강원,16202.0
형법범 (건),재산범죄,2019,충북,18768.0
형법범 (건),재산범죄,2019,충남,25242.0
형법범 (건),재산범죄,2019,전북,18607.0
형법범 (건),재산범죄,2019,전남,18399.0
형법범 (건),재산범죄,2019,경북,30087.0
형법범 (건),재산범죄,2019,경남,43689.0
형법범 (건),재산범죄,2019,제주,10025.0
형법범 (건),재산범죄,2020,전국,659058.0
형법범 (건),재산범죄,2020,서울,134003.0
형법범 (건),재산범죄,2020,부산,55641.0
형법범 (건),재산범죄,2020,대구,31781.0
형법범 (건),재산범죄,2020,인천,36748.0
형법범 (건),재산범죄,2020,광주,18187.0
형법범 (건),재산범죄,2020,대전,19131.0
형법범 (건),재산범죄,2020,울산,8618.0
형법범 (건),재산범죄,2020,세종,2887.0
형법범 (건),재산범죄,2020,경기,160479.0
형법범 (건),재산범죄,2020,강원,16495.0
형법범 (건),재산범죄,2020,충북,19037.0
형법범 (건),재산범죄,2020,충남,25822.0
형법범 (건),재산범죄,2020,전북,20149.0
형법범 (건),재산범죄,2020,전남,19823.0
형법범 (건),재산범죄,2020,경북,30640.0
형법범 (건),재산범죄,2020,경남,48541.0
형법범 (건),재산범죄,2020,제주,11076.0
형법범 (건),재산범죄,2021,전국,575332.0
형법범 (건),재산범죄,2021,서울,110514.0
형법범 (건),재산범죄,2021,부산,46816.0
형법범 (건),재산범죄,2021,대구,29797.0
형법범 (건),재산범죄,2021,인천,30638.0
형법범 (건),재산범죄,2021,광주,16131.0
형법범 (건),재산범죄,2021,대전,17404.0
형법범 (건),재산범죄,2021,울산,7639.0
형법범 (건),재산범죄,2021,세종,2618.0
형법범 (건),재산범죄,2021,경기,142066.0
형법범 (건),재산범죄,2021,강원,14683.0
형법범 (건),재산범죄,2021,충북,17757.0
형법범 (건),재산범죄,2021,충남,21943.0
형법범 (건),재산범죄,2021,전북,19080.0
형법범 (건),재산범죄,2021,전남,18665.0
형법범 (건),재산범죄,2021,경북,26781.0
형법범 (건),재산범죄,2021,경남,42805.0
형법범 (건),재산범죄,2021,제주,9995.0
형법범 (건),재산범죄,2022,전국,634864.0
형법범 (건),재산범죄,2022,서울,125246.0
형법범 (건),재산범죄,2022,부산,50418.0
형법범 (건),재산범죄,2022,대구,30752.0
형법범 (건),재산범죄,2022,인천,34430.0
형법범 (건),재산범죄,2022,광주,17326.0
형법범 (건),재산범죄,2022,대전,21635.0
형법범 (건),재산범죄,2022,울산,5675.0
형법범 (건),재산범죄,2022,세종,3201.0
형법범 (건),재산범죄,2022,경기,152824.0
형법범 (건),재산범죄,2022,강원,17204.0
형법범 (건),재산범죄,2022,충북,19786.0
형법범 (건),재산범죄,2022,충남,26313.0
형법범 (건),재산범죄,2022,전북,21295.0
형법범 (건),재산범죄,2022,전남,19895.0
형법범 (건),재산범죄,2022,경북,32118.0
형법범 (건),재산범죄,2022,경남,45303.0
형법범 (건),재산범죄,2022,제주,11443.0
형법범 (건),강력범죄(흉악),2014,전국,34126.0
형법범 (건),강력범죄(흉악),2014,서울,9500.0
형법범 (건),강력범죄(흉악),2014,부산,2651.0
형법범 (건),강력범죄(흉악),2014,대구,1753.0
형법범 (건),강력범죄(흉악),2014,인천,1958.0
형법범 (건),강력범죄(흉악),2014,광주,1165.0
형법범 (건),강력범죄(흉악),2014,대전,1007.0
형법범 (건),강력범죄(흉악),2014,울산,636.0
형법범 (건),강력범죄(흉악),2014,세종,92.0
형법범 (건),강력범죄(흉악),2014,경기,6972.0
형법범 (건),강력범죄(흉악),2014,강원,840.0
형법범 (건),강력범죄(흉악),2014,충북,839.0
형법범 (건),강력범죄(흉악),2014,충남,1402.0
형법범 (건),강력범죄(흉악),2014,전북,1038.0
형법범 (건),강력범죄(흉악),2014,전남,937.0
형법범 (건),강력범죄(흉악),2014,경북,1262.0
형법범 (건),강력범죄(흉악),2014,경남,1624.0
형법범 (건),강력범죄(흉악),2014,제주,450.0
형법범 (건),강력범죄(흉악),2015,전국,35139.0
형법범 (건),강력범죄(흉악),2015,서울,10421.0
형법범 (건),강력범죄(흉악),2015,부산,2249.0
형법범 (건),강력범죄(흉악),2015,대구,1616.0
형법범 (건),강력범죄(흉악),2015,인천,2272.0
형법범 (건),강력범죄(흉악),2015,광주,1118.0
형법범 (건),강력범죄(흉악),2015,대전,1018.0
형법범 (건),강력범죄(흉악),2015,울산,371.0
형법범 (건),강력범죄(흉악),2015,세종,75.0
형법범 (건),강력범죄(흉악),2015,경기,7756.0
형법범 (건),강력범죄(흉악),2015,강원,827.0
형법범 (건),강력범죄(흉악),2015,충북,858.0
형법범 (건),강력범죄(흉악),2015,충남,1201.0
형법범 (건),강력범죄(흉악),2015,전북,989.0
형법범 (건),강력범죄(흉악),2015,전남,938.0
형법범 (건),강력범죄(흉악),2015,경북,1150.0
형법범 (건),강력범죄(흉악),2015,경남,1746.0
형법범 (건),강력범죄(흉악),2015,제주,534.0
형법범 (건),강력범죄(흉악),2016,전국,32963.0
형법범 (건),강력범죄(흉악),2016,서울,9149.0
형법범 (건),강력범죄(흉악),2016,부산,2048.0
형법범 (건),강력범죄(흉악),2016,대구,1357.0
형법범 (건),강력범죄(흉악),2016,인천,2357.0
형법범 (건),강력범죄(흉악),2016,광주,978.0
형법범 (건),강력범죄(흉악),2016,대전,913.0
형법범 (건),강력범죄(흉악),2016,울산,358.0
형법범 (건),강력범죄(흉악),2016,세종,78.0
형법범 (건),강력범죄(흉악),2016,경기,7669.0
형법범 (건),강력범죄(흉악),2016,강원,847.0
형법범 (건),강력범죄(흉악),2016,충북,893.0
형법범 (건),강력범죄(흉악),2016,충남,1190.0
형법범 (건),강력범죄(흉악),2016,전북,814.0
형법범 (건),강력범죄(흉악),2016,전남,940.0
형법범 (건),강력범죄(흉악),2016,경북,1101.0
형법범 (건),강력범죄(흉악),2016,경남,1657.0
형법범 (건),강력범죄(흉악),2016,제주,614.0
형법범 (건),강력범죄(흉악),2017,전국,36030.0
형법범 (건),강력범죄(흉악),2017,서울,10689.0
형법범 (건),강력범죄(흉악),2017,부산,2522.0
형법범 (건),강력범죄(흉악),2017,대구,1327.0
형법범 (건),강력범죄(흉악),2017,인천,2661.0
형법범 (건),강력범죄(흉악),2017,광주,956.0
형법범 (건),강력범죄(흉악),2017,대전,1091.0
형법범 (건),강력범죄(흉악),2017,울산,348.0
형법범 (건),강력범죄(흉악),2017,세종,148.0
형법범 (건),강력범죄(흉악),2017,경기,7839.0
형법범 (건),강력범죄(흉악),2017,강원,872.0
형법범 (건),강력범죄(흉악),2017,충북,976.0
형법범 (건),강력범죄(흉악),2017,충남,1202.0
형법범 (건),강력범죄(흉악),2017,전북,847.0
형법범 (건),강력범죄(흉악),2017,전남,972.0
형법범 (건),강력범죄(흉악),2017,경북,1248.0
형법범 (건),강력범죄(흉악),2017,경남,1792.0
형법범 (건),강력범죄(흉악),2017,제주,540.0
형법범 (건),강력범죄(흉악),2018,전국,35272.0
형법범 (건),강력범죄(흉악),2018,서울,9975.0
형법범 (건),강력범죄(흉악),2018,부산,2262.0
형법범 (건),강력범죄(흉악),2018,대구,1426.0
형법범 (건),강력범죄(흉악),2018,인천,2312.0
형법범 (건),강력범죄(흉악),2018,광주,977.0
형법범 (건),강력범죄(흉악),2018,대전,1254.0
형법범 (건),강력범죄(흉악),2018,울산,351.0
형법범 (건),강력범죄(흉악),2018,세종,139.0
형법범 (건),강력범죄(흉악),2018,경기,7905.0
형법범 (건),강력범죄(흉악),2018,강원,937.0
형법범 (건),강력범죄(흉악),2018,충북,936.0
형법범 (건),강력범죄(흉악),2018,충남,1250.0
형법범 (건),강력범죄(흉악),2018,전북,942.0
형법범 (건),강력범죄(흉악),2018,전남,1003.0
형법범 (건),강력범죄(흉악),2018,경북,1282.0
형법범 (건),강력범죄(흉악),2018,경남,1781.0
형법범 (건),강력범죄(흉악),2018,제주,540.0
형법범 (건),강력범죄(흉악),2019,전국,35066.0
형법범 (건),강력범죄(흉악),2019,서울,9939.0
형법범 (건),강력범죄(흉악),2019,부산,2317.0
형법범 (건),강력범죄(흉악),2019,대구,1429.0
형법범 (건),강력범죄(흉악),2019,인천,2276.0
형법범 (건),강력범죄(흉악),2019,광주,949.0
형법범 (건),강력범죄(흉악),2019,대전,1123.0
형법범 (건),강력범죄(흉악),2019,울산,380.0
형법범 (건),강력범죄(흉악),2019,세종,103.0
형법범 (건),강력범죄(흉악),2019,경기,7705.0
형법범 (건),강력범죄(흉악),2019,강원,943.0
형법범 (건),강력범죄(흉악),2019,충북,950.0
형법범 (건),강력범죄(흉악),2019,충남,1207.0
형법범 (건),강력범죄(흉악),2019,전북,1063.0
형법범 (건),강력범죄(흉악),2019,전남,999.0
형법범 (건),강력범죄(흉악),2019,경북,1335.0
형법범 (건),강력범죄(흉악),2019,경남,1768.0
형법범 (건),강력범죄(흉악),2019,제주,580.0
형법범 (건),강력범죄(흉악),2020,전국,32812.0
형법범 (건),강력범죄(흉악),2020,서울,8814.0
형법범 (건),강력범죄(흉악),2020,부산,2123.0
형법범 (건),강력범죄(흉악),2020,대구,1218.0
형법범 (건),강력범죄(흉악),2020,인천,2031.0
형법범 (건),강력범죄(흉악),2020,광주,855.0
형법범 (건),강력범죄(흉악),2020,대전,993.0
형법범 (건),강력범죄(흉악),2020,울산,357.0
형법범 (건),강력범죄(흉악),2020,세종,118.0
형법범 (건),강력범죄(흉악),2020,경기,7790.0
형법범 (건),강력범죄(흉악),2020,강원,864.0
형법범 (건),강력범죄(흉악),2020,충북,898.0
형법범 (건),강력범죄(흉악),2020,충남,1182.0
형법범 (건),강력범죄(흉악),2020,전북,974.0
형법범 (건),강력범죄(흉악),2020,전남,980.0
형법범 (건),강력범죄(흉악),2020,경북,1215.0
형법범 (건),강력범죄(흉악),2020,경남,1841.0
형법범 (건),강력범죄(흉악),2020,제주,559.0
형법범 (건),강력범죄(흉악),2021,전국,35126.0
형법범 (건),강력범죄(흉악),2021,서울,8901.0
형법범 (건),강력범죄(흉악),2021,부산,2336.0
형법범 (건),강력범죄(흉악),2021,대구,1396.0
형법범 (건),강력범죄(흉악),2021,인천,2347.0
형법범 (건),강력범죄(흉악),2021,광주,909.0
형법범 (건),강력범죄(흉악),2021,대전,1089.0
형법범 (건),강력범죄(흉악),2021,울산,399.0
형법범 (건),강력범죄(흉악),2021,세종,146.0
형법범 (건),강력범죄(흉악),2021,경기,8317.0
형법범 (건),강력범죄(흉악),2021,강원,847.0
형법범 (건),강력범죄(흉악),2021,충북,894.0
형법범 (건),강력범죄(흉악),2021,충남,1302.0
형법범 (건),강력범죄(흉악),2021,전북,1009.0
형법범 (건),강력범죄(흉악),2021,전남,1163.0
형법범 (건),강력범죄(흉악),2021,경북,1444.0
형법범 (건),강력범죄(흉악),2021,경남,2014.0
형법범 (건),강력범죄(흉악),2021,제주,613.0
형법범 (건),강력범죄(흉악),2022,전국,43927.0
형법범 (건),강력범죄(흉악),2022,서울,11046.0
형법범 (건),강력범죄(흉악),2022,부산,3019.0
형법범 (건),강력범죄(흉악),2022,대구,1970.0
형법범 (건),강력범죄(흉악),2022,인천,2824.0
형법범 (건),강력범죄(흉악),2022,광주,1114.0
형법범 (건),강력범죄(흉악),2022,대전,1465.0
형법범 (건),강력범죄(흉악),2022,울산,359.0
형법범 (건),강력범죄(흉악),2022,세종,224.0
형법범 (건),강력범죄(흉악),2022,경기,10446.0
형법범 (건),강력범죄(흉악),2022,강원,1213.0
형법범 (건),강력범죄(흉악),2022,충북,1242.0
형법범 (건),강력범죄(흉악),2022,충남,1620.0
형법범 (건),강력범죄(흉악),2022,전북,1249.0
형법범 (건),강력범죄(흉악),2022,전남,1214.0
형법범 (건),강력범죄(흉악),2022,경북,1799.0
형법범 (건),강력범죄(흉악),2022,경남,2445.0
형법범 (건),강력범죄(흉악),2022,제주,678.0
형법범 (건),강력범죄(폭력),2014,전국,233655.0
형법범 (건),강력범죄(폭력),2014,서울,53983.0
형법범 (건),강력범죄(폭력),2014,부산,17477.0
형법범 (건),강력범죄(폭력),2014,대구,10705.0
형법범 (건),강력범죄(폭력),2014,인천,13584.0
형법범 (건),강력범죄(폭력),2014,광주,8273.0
형법범 (건),강력범죄(폭력),2014,대전,5332.0
형법범 (건),강력범죄(폭력),2014,울산,6206.0
형법범 (건),강력범죄(폭력),2014,세종,296.0
형법범 (건),강력범죄(폭력),2014,경기,53849.0
형법범 (건),강력범죄(폭력),2014,강원,7591.0
형법범 (건),강력범죄(폭력),2014,충북,6496.0
형법범 (건),강력범죄(폭력),2014,충남,7406.0
형법범 (건),강력범죄(폭력),2014,전북,7441.0
형법범 (건),강력범죄(폭력),2014,전남,8431.0
형법범 (건),강력범죄(폭력),2014,경북,9614.0
형법범 (건),강력범죄(폭력),2014,경남,13062.0
형법범 (건),강력범죄(폭력),2014,제주,3909.0
형법범 (건),강력범죄(폭력),2015,전국,248707.0
형법범 (건),강력범죄(폭력),2015,서울,53870.0
형법범 (건),강력범죄(폭력),2015,부산,17484.0
형법범 (건),강력범죄(폭력),2015,대구,11808.0
형법범 (건),강력범죄(폭력),2015,인천,14804.0
형법범 (건),강력범죄(폭력),2015,광주,7872.0
형법범 (건),강력범죄(폭력),2015,대전,7120.0
형법범 (건),강력범죄(폭력),2015,울산,4122.0
형법범 (건),강력범죄(폭력),2015,세종,372.0
형법범 (건),강력범죄(폭력),2015,경기,59284.0
형법범 (건),강력범죄(폭력),2015,강원,7817.0
형법범 (건),강력범죄(폭력),2015,충북,7075.0
형법범 (건),강력범죄(폭력),2015,충남,7617.0
형법범 (건),강력범죄(폭력),2015,전북,7953.0
형법범 (건),강력범죄(폭력),2015,전남,9392.0
형법범 (건),강력범죄(폭력),2015,경북,10770.0
형법범 (건),강력범죄(폭력),2015,경남,17176.0
형법범 (건),강력범죄(폭력),2015,제주,4171.0
형법범 (건),강력범죄(폭력),2016,전국,251889.0
형법범 (건),강력범죄(폭력),2016,서울,53263.0
형법범 (건),강력범죄(폭력),2016,부산,17172.0
형법범 (건),강력범죄(폭력),2016,대구,11821.0
형법범 (건),강력범죄(폭력),2016,인천,16286.0
형법범 (건),강력범죄(폭력),2016,광주,7131.0
형법범 (건),강력범죄(폭력),2016,대전,7758.0
형법범 (건),강력범죄(폭력),2016,울산,3988.0
형법범 (건),강력범죄(폭력),2016,세종,666.0
형법범 (건),강력범죄(폭력),2016,경기,60692.0
형법범 (건),강력범죄(폭력),2016,강원,8716.0
형법범 (건),강력범죄(폭력),2016,충북,7382.0
형법범 (건),강력범죄(폭력),2016,충남,8039.0
형법범 (건),강력범죄(폭력),2016,전북,7649.0
형법범 (건),강력범죄(폭력),2016,전남,9095.0
형법범 (건),강력범죄(폭력),2016,경북,10768.0
형법범 (건),강력범죄(폭력),2016,경남,16706.0
형법범 (건),강력범죄(폭력),2016,제주,4757.0
형법범 (건),강력범죄(폭력),2017,전국,238789.0
형법범 (건),강력범죄(폭력),2017,서울,48833.0
형법범 (건),강력범죄(폭력),2017,부산,16975.0
형법범 (건),강력범죄(폭력),2017,대구,11168.0
형법범 (건),강력범죄(폭력),2017,인천,16038.0
형법범 (건),강력범죄(폭력),2017,광주,6988.0
형법범 (건),강력범죄(폭력),2017,대전,7441.0
형법범 (건),강력범죄(폭력),2017,울산,3610.0
형법범 (건),강력범죄(폭력),2017,세종,544.0
형법범 (건),강력범죄(폭력),2017,경기,57865.0
형법범 (건),강력범죄(폭력),2017,강원,8284.0
형법범 (건),강력범죄(폭력),2017,충북,6537.0
형법범 (건),강력범죄(폭력),2017,충남,8436.0
형법범 (건),강력범죄(폭력),2017,전북,7412.0
형법범 (건),강력범죄(폭력),2017,전남,8395.0
형법범 (건),강력범죄(폭력),2017,경북,10064.0
형법범 (건),강력범죄(폭력),2017,경남,16097.0
형법범 (건),강력범죄(폭력),2017,제주,4102.0
형법범 (건),강력범죄(폭력),2018,전국,233392.0
형법범 (건),강력범죄(폭력),2018,서울,45815.0
형법범 (건),강력범죄(폭력),2018,부산,16642.0
형법범 (건),강력범죄(폭력),2018,대구,10803.0
형법범 (건),강력범죄(폭력),2018,인천,15900.0
형법범 (건),강력범죄(폭력),2018,광주,6955.0
형법범 (건),강력범죄(폭력),2018,대전,7809.0
형법범 (건),강력범죄(폭력),2018,울산,3641.0
형법범 (건),강력범죄(폭력),2018,세종,536.0
형법범 (건),강력범죄(폭력),2018,경기,58018.0
형법범 (건),강력범죄(폭력),2018,강원,7271.0
형법범 (건),강력범죄(폭력),2018,충북,6397.0
형법범 (건),강력범죄(폭력),2018,충남,8862.0
형법범 (건),강력범죄(폭력),2018,전북,7334.0
형법범 (건),강력범죄(폭력),2018,전남,8382.0
형법범 (건),강력범죄(폭력),2018,경북,9732.0
형법범 (건),강력범죄(폭력),2018,경남,15143.0
형법범 (건),강력범죄(폭력),2018,제주,4152.0
형법범 (건),강력범죄(폭력),2019,전국,232316.0
형법범 (건),강력범죄(폭력),2019,서울,44745.0
형법범 (건),강력범죄(폭력),2019,부산,17072.0
형법범 (건),강력범죄(폭력),2019,대구,10726.0
형법범 (건),강력범죄(폭력),2019,인천,16431.0
형법범 (건),강력범죄(폭력),2019,광주,7336.0
형법범 (건),강력범죄(폭력),2019,대전,6843.0
형법범 (건),강력범죄(폭력),2019,울산,3123.0
형법범 (건),강력범죄(폭력),2019,세종,655.0
형법범 (건),강력범죄(폭력),2019,경기,58623.0
형법범 (건),강력범죄(폭력),2019,강원,6719.0
형법범 (건),강력범죄(폭력),2019,충북,6380.0
형법범 (건),강력범죄(폭력),2019,충남,7902.0
형법범 (건),강력범죄(폭력),2019,전북,7324.0
형법범 (건),강력범죄(폭력),2019,전남,8328.0
형법범 (건),강력범죄(폭력),2019,경북,10672.0
형법범 (건),강력범죄(폭력),2019,경남,15572.0
형법범 (건),강력범죄(폭력),2019,제주,3865.0
형법범 (건),강력범죄(폭력),2020,전국,210241.0
형법범 (건),강력범죄(폭력),2020,서울,38551.0
형법범 (건),강력범죄(폭력),2020,부산,15559.0
형법범 (건),강력범죄(폭력),2020,대구,9674.0
형법범 (건),강력범죄(폭력),2020,인천,14535.0
형법범 (건),강력범죄(폭력),2020,광주,6136.0
형법범 (건),강력범죄(폭력),2020,대전,6742.0
형법범 (건),강력범죄(폭력),2020,울산,2775.0
형법범 (건),강력범죄(폭력),2020,세종,634.0
형법범 (건),강력범죄(폭력),2020,경기,52872.0
형법범 (건),강력범죄(폭력),2020,강원,6085.0
형법범 (건),강력범죄(폭력),2020,충북,6097.0
형법범 (건),강력범죄(폭력),2020,충남,7260.0
형법범 (건),강력범죄(폭력),2020,전북,6953.0
형법범 (건),강력범죄(폭력),2020,전남,7395.0
형법범 (건),강력범죄(폭력),2020,경북,9895.0
형법범 (건),강력범죄(폭력),2020,경남,14994.0
형법범 (건),강력범죄(폭력),2020,제주,4084.0
형법범 (건),강력범죄(폭력),2021,전국,180460.0
형법범 (건),강력범죄(폭력),2021,서울,32900.0
형법범 (건),강력범죄(폭력),2021,부산,12793.0
형법범 (건),강력범죄(폭력),2021,대구,8518.0
형법범 (건),강력범죄(폭력),2021,인천,11977.0
형법범 (건),강력범죄(폭력),2021,광주,5293.0
형법범 (건),강력범죄(폭력),2021,대전,5667.0
형법범 (건),강력범죄(폭력),2021,울산,2608.0
형법범 (건),강력범죄(폭력),2021,세종,620.0
형법범 (건),강력범죄(폭력),2021,경기,45904.0
형법범 (건),강력범죄(폭력),2021,강원,5427.0
형법범 (건),강력범죄(폭력),2021,충북,5283.0
형법범 (건),강력범죄(폭력),2021,충남,6296.0
형법범 (건),강력범죄(폭력),2021,전북,5754.0
형법범 (건),강력범죄(폭력),2021,전남,6770.0
형법범 (건),강력범죄(폭력),2021,경북,7869.0
형법범 (건),강력범죄(폭력),2021,경남,12898.0
형법범 (건),강력범죄(폭력),2021,제주,3883.0
형법범 (건),강력범죄(폭력),2022,전국,190870.0
형법범 (건),강력범죄(폭력),2022,서울,37326.0
형법범 (건),강력범죄(폭력),2022,부산,13660.0
형법범 (건),강력범죄(폭력),2022,대구,8772.0
형법범 (건),강력범죄(폭력),2022,인천,12327.0
형법범 (건),강력범죄(폭력),2022,광주,4913.0
형법범 (건),강력범죄(폭력),2022,대전,6188.0
형법범 (건),강력범죄(폭력),2022,울산,1994.0
형법범 (건),강력범죄(폭력),2022,세종,662.0
형법범 (건),강력범죄(폭력),2022,경기,48952.0
형법범 (건),강력범죄(폭력),2022,강원,5552.0
형법범 (건),강력범죄(폭력),2022,충북,5421.0
형법범 (건),강력범죄(폭력),2022,충남,6592.0
형법범 (건),강력범죄(폭력),2022,전북,5624.0
형법범 (건),강력범죄(폭력),2022,전남,6905.0
형법범 (건),강력범죄(폭력),2022,경북,8830.0
형법범 (건),강력범죄(폭력),2022,경남,12997.0
형법범 (건),강력범죄(폭력),2022,제주,4155.0
형법범 (건),위조범죄,2014,전국,21662.0
형법범 (건),위조범죄,2014,서울,5828.0
형법범 (건),위조범죄,2014,부산,1830.0
형법범 (건),위조범죄,2014,대구,1046.0
형법범 (건),위조범죄,2014,인천,1457.0
형법범 (건),위조범죄,2014,광주,655.0
형법범 (건),위조범죄,2014,대전,621.0
형법범 (건),위조범죄,2014,울산,326.0
형법범 (건),위조범죄,2014,세종,42.0
형법범 (건),위조범죄,2014,경기,4652.0
형법범 (건),위조범죄,2014,강원,517.0
형법범 (건),위조범죄,2014,충북,520.0
형법범 (건),위조범죄,2014,충남,770.0
형법범 (건),위조범죄,2014,전북,605.0
형법범 (건),위조범죄,2014,전남,598.0
형법범 (건),위조범죄,2014,경북,675.0
형법범 (건),위조범죄,2014,경남,1274.0
형법범 (건),위조범죄,2014,제주,246.0
형법범 (건),위조범죄,2015,전국,20878.0
형법범 (건),위조범죄,2015,서울,5115.0
형법범 (건),위조범죄,2015,부산,1807.0
형법범 (건),위조범죄,2015,대구,1092.0
형법범 (건),위조범죄,2015,인천,1205.0
형법범 (건),위조범죄,2015,광주,687.0
형법범 (건),위조범죄,2015,대전,631.0
형법범 (건),위조범죄,2015,울산,246.0
형법범 (건),위조범죄,2015,세종,38.0
형법범 (건),위조범죄,2015,경기,4340.0
형법범 (건),위조범죄,2015,강원,650.0
형법범 (건),위조범죄,2015,충북,606.0
형법범 (건),위조범죄,2015,충남,781.0
형법범 (건),위조범죄,2015,전북,635.0
형법범 (건),위조범죄,2015,전남,990.0
형법범 (건),위조범죄,2015,경북,779.0
형법범 (건),위조범죄,2015,경남,1045.0
형법범 (건),위조범죄,2015,제주,231.0
형법범 (건),위조범죄,2016,전국,18569.0
형법범 (건),위조범죄,2016,서울,4641.0
형법범 (건),위조범죄,2016,부산,1532.0
형법범 (건),위조범죄,2016,대구,817.0
형법범 (건),위조범죄,2016,인천,1063.0
형법범 (건),위조범죄,2016,광주,579.0
형법범 (건),위조범죄,2016,대전,594.0
형법범 (건),위조범죄,2016,울산,224.0
형법범 (건),위조범죄,2016,세종,43.0
형법범 (건),위조범죄,2016,경기,4066.0
형법범 (건),위조범죄,2016,강원,535.0
형법범 (건),위조범죄,2016,충북,560.0
형법범 (건),위조범죄,2016,충남,703.0
형법범 (건),위조범죄,2016,전북,609.0
형법범 (건),위조범죄,2016,전남,601.0
형법범 (건),위조범죄,2016,경북,745.0
형법범 (건),위조범죄,2016,경남,1024.0
형법범 (건),위조범죄,2016,제주,233.0
형법범 (건),위조범죄,2017,전국,19502.0
형법범 (건),위조범죄,2017,서울,4721.0
형법범 (건),위조범죄,2017,부산,1136.0
형법범 (건),위조범죄,2017,대구,791.0
형법범 (건),위조범죄,2017,인천,1041.0
형법범 (건),위조범죄,2017,광주,451.0
형법범 (건),위조범죄,2017,대전,629.0
형법범 (건),위조범죄,2017,울산,224.0
형법범 (건),위조범죄,2017,세종,59.0
형법범 (건),위조범죄,2017,경기,4209.0
형법범 (건),위조범죄,2017,강원,613.0
형법범 (건),위조범죄,2017,충북,635.0
형법범 (건),위조범죄,2017,충남,732.0
형법범 (건),위조범죄,2017,전북,623.0
형법범 (건),위조범죄,2017,전남,530.0
형법범 (건),위조범죄,2017,경북,676.0
형법범 (건),위조범죄,2017,경남,1353.0
형법범 (건),위조범죄,2017,제주,1079.0
형법범 (건),위조범죄,2018,전국,17535.0
형법범 (건),위조범죄,2018,서울,4049.0
형법범 (건),위조범죄,2018,부산,1140.0
형법범 (건),위조범죄,2018,대구,930.0
형법범 (건),위조범죄,2018,인천,855.0
형법범 (건),위조범죄,2018,광주,598.0
형법범 (건),위조범죄,2018,대전,523.0
형법범 (건),위조범죄,2018,울산,159.0
형법범 (건),위조범죄,2018,세종,42.0
형법범 (건),위조범죄,2018,경기,3444.0
형법범 (건),위조범죄,2018,강원,429.0
형법범 (건),위조범죄,2018,충북,524.0
형법범 (건),위조범죄,2018,충남,636.0
형법범 (건),위조범죄,2018,전북,922.0
형법범 (건),위조범죄,2018,전남,548.0
형법범 (건),위조범죄,2018,경북,535.0
형법범 (건),위조범죄,2018,경남,1411.0
형법범 (건),위조범죄,2018,제주,790.0
형법범 (건),위조범죄,2019,전국,16771.0
형법범 (건),위조범죄,2019,서울,4121.0
형법범 (건),위조범죄,2019,부산,1205.0
형법범 (건),위조범죄,2019,대구,829.0
형법범 (건),위조범죄,2019,인천,1127.0
형법범 (건),위조범죄,2019,광주,644.0
형법범 (건),위조범죄,2019,대전,507.0
형법범 (건),위조범죄,2019,울산,172.0
형법범 (건),위조범죄,2019,세종,54.0
형법범 (건),위조범죄,2019,경기,3294.0
형법범 (건),위조범죄,2019,강원,499.0
형법범 (건),위조범죄,2019,충북,578.0
형법범 (건),위조범죄,2019,충남,655.0
형법범 (건),위조범죄,2019,전북,587.0
형법범 (건),위조범죄,2019,전남,596.0
형법범 (건),위조범죄,2019,경북,635.0
형법범 (건),위조범죄,2019,경남,1066.0
형법범 (건),위조범죄,2019,제주,202.0
형법범 (건),위조범죄,2020,전국,15614.0
형법범 (건),위조범죄,2020,서울,3432.0
형법범 (건),위조범죄,2020,부산,1150.0
형법범 (건),위조범죄,2020,대구,772.0
형법범 (건),위조범죄,2020,인천,841.0
형법범 (건),위조범죄,2020,광주,610.0
형법범 (건),위조범죄,2020,대전,483.0
형법범 (건),위조범죄,2020,울산,184.0
형법범 (건),위조범죄,2020,세종,72.0
형법범 (건),위조범죄,2020,경기,3437.0
형법범 (건),위조범죄,2020,강원,415.0
형법범 (건),위조범죄,2020,충북,476.0
형법범 (건),위조범죄,2020,충남,646.0
형법범 (건),위조범죄,2020,전북,583.0
형법범 (건),위조범죄,2020,전남,521.0
형법범 (건),위조범죄,2020,경북,647.0
형법범 (건),위조범죄,2020,경남,1122.0
형법범 (건),위조범죄,2020,제주,223.0
형법범 (건),위조범죄,2021,전국,13518.0
형법범 (건),위조범죄,2021,서울,2732.0
형법범 (건),위조범죄,2021,부산,995.0
형법범 (건),위조범죄,2021,대구,625.0
형법범 (건),위조범죄,2021,인천,650.0
형법범 (건),위조범죄,2021,광주,422.0
형법범 (건),위조범죄,2021,대전,349.0
형법범 (건),위조범죄,2021,울산,290.0
형법범 (건),위조범죄,2021,세종,43.0
형법범 (건),위조범죄,2021,경기,3050.0
형법범 (건),위조범죄,2021,강원,343.0
형법범 (건),위조범죄,2021,충북,415.0
형법범 (건),위조범죄,2021,충남,507.0
형법범 (건),위조범죄,2021,전북,682.0
형법범 (건),위조범죄,2021,전남,471.0
형법범 (건),위조범죄,2021,경북,624.0
형법범 (건),위조범죄,2021,경남,1133.0
형법범 (건),위조범죄,2021,제주,187.0
형법범 (건),위조범죄,2022,전국,13622.0
형법범 (건),위조범죄,2022,서울,2741.0
형법범 (건),위조범죄,2022,부산,1090.0
형법범 (건),위조범죄,2022,대구,637.0
형법범 (건),위조범죄,2022,인천,767.0
형법범 (건),위조범죄,2022,광주,415.0
형법범 (건),위조범죄,2022,대전,458.0
형법범 (건),위조범죄,2022,울산,181.0
형법범 (건),위조범죄,2022,세종,71.0
형법범 (건),위조범죄,2022,경기,3037.0
형법범 (건),위조범죄,2022,강원,406.0
형법범 (건),위조범죄,2022,충북,415.0
형법범 (건),위조범죄,2022,충남,576.0
형법범 (건),위조범죄,2022,전북,457.0
형법범 (건),위조범죄,2022,전남,625.0
형법범 (건),위조범죄,2022,경북,624.0
형법범 (건),위조범죄,2022,경남,905.0
형법범 (건),위조범죄,2022,제주,217.0
형법범 (건),공무원범죄,2014,전국,2705.0
형법범 (건),공무원범죄,2014,서울,540.0
형법범 (건),공무원범죄,2014,부산,174.0
형법범 (건),공무원범죄,2014,대구,139.0
형법범 (건),공무원범죄,2014,인천,133.0
형법범 (건),공무원범죄,2014,광주,158.0
형법범 (건),공무원범죄,2014,대전,123.0
형법범 (건),공무원범죄,2014,울산,54.0
형법범 (건),공무원범죄,2014,세종,9.0
형법범 (건),공무원범죄,2014,경기,473.0
형법범 (건),공무원범죄,2014,강원,159.0
형법범 (건),공무원범죄,2014,충북,63.0
형법범 (건),공무원범죄,2014,충남,101.0
형법범 (건),공무원범죄,2014,전북,79.0
형법범 (건),공무원범죄,2014,전남,200.0
형법범 (건),공무원범죄,2014,경북,103.0
형법범 (건),공무원범죄,2014,경남,155.0
형법범 (건),공무원범죄,2014,제주,42.0
형법범 (건),공무원범죄,2015,전국,3286.0
형법범 (건),공무원범죄,2015,서울,720.0
형법범 (건),공무원범죄,2015,부산,296.0
형법범 (건),공무원범죄,2015,대구,123.0
형법범 (건),공무원범죄,2015,인천,240.0
형법범 (건),공무원범죄,2015,광주,94.0
형법범 (건),공무원범죄,2015,대전,114.0
형법범 (건),공무원범죄,2015,울산,56.0
형법범 (건),공무원범죄,2015,세종,19.0
형법범 (건),공무원범죄,2015,경기,618.0
형법범 (건),공무원범죄,2015,강원,104.0
형법범 (건),공무원범죄,2015,충북,75.0
형법범 (건),공무원범죄,2015,충남,160.0
형법범 (건),공무원범죄,2015,전북,68.0
형법범 (건),공무원범죄,2015,전남,222.0
형법범 (건),공무원범죄,2015,경북,144.0
형법범 (건),공무원범죄,2015,경남,194.0
형법범 (건),공무원범죄,2015,제주,39.0
형법범 (건),공무원범죄,2016,전국,3103.0
형법범 (건),공무원범죄,2016,서울,650.0
형법범 (건),공무원범죄,2016,부산,248.0
형법범 (건),공무원범죄,2016,대구,172.0
형법범 (건),공무원범죄,2016,인천,209.0
형법범 (건),공무원범죄,2016,광주,131.0
형법범 (건),공무원범죄,2016,대전,74.0
형법범 (건),공무원범죄,2016,울산,39.0
형법범 (건),공무원범죄,2016,세종,16.0
형법범 (건),공무원범죄,2016,경기,568.0
형법범 (건),공무원범죄,2016,강원,105.0
형법범 (건),공무원범죄,2016,충북,113.0
형법범 (건),공무원범죄,2016,충남,135.0
형법범 (건),공무원범죄,2016,전북,86.0
형법범 (건),공무원범죄,2016,전남,150.0
형법범 (건),공무원범죄,2016,경북,157.0
형법범 (건),공무원범죄,2016,경남,231.0
형법범 (건),공무원범죄,2016,제주,19.0
형법범 (건),공무원범죄,2017,전국,3845.0
형법범 (건),공무원범죄,2017,서울,892.0
형법범 (건),공무원범죄,2017,부산,235.0
형법범 (건),공무원범죄,2017,대구,127.0
형법범 (건),공무원범죄,2017,인천,166.0
형법범 (건),공무원범죄,2017,광주,178.0
형법범 (건),공무원범죄,2017,대전,157.0
형법범 (건),공무원범죄,2017,울산,68.0
형법범 (건),공무원범죄,2017,세종,18.0
형법범 (건),공무원범죄,2017,경기,763.0
형법범 (건),공무원범죄,2017,강원,114.0
형법범 (건),공무원범죄,2017,충북,99.0
형법범 (건),공무원범죄,2017,충남,103.0
형법범 (건),공무원범죄,2017,전북,119.0
형법범 (건),공무원범죄,2017,전남,196.0
형법범 (건),공무원범죄,2017,경북,211.0
형법범 (건),공무원범죄,2017,경남,308.0
형법범 (건),공무원범죄,2017,제주,91.0
형법범 (건),공무원범죄,2018,전국,4422.0
형법범 (건),공무원범죄,2018,서울,1270.0
형법범 (건),공무원범죄,2018,부산,375.0
형법범 (건),공무원범죄,2018,대구,169.0
형법범 (건),공무원범죄,2018,인천,140.0
형법범 (건),공무원범죄,2018,광주,260.0
형법범 (건),공무원범죄,2018,대전,119.0
형법범 (건),공무원범죄,2018,울산,35.0
형법범 (건),공무원범죄,2018,세종,23.0
형법범 (건),공무원범죄,2018,경기,802.0
형법범 (건),공무원범죄,2018,강원,118.0
형법범 (건),공무원범죄,2018,충북,99.0
형법범 (건),공무원범죄,2018,충남,110.0
형법범 (건),공무원범죄,2018,전북,172.0
형법범 (건),공무원범죄,2018,전남,188.0
형법범 (건),공무원범죄,2018,경북,235.0
형법범 (건),공무원범죄,2018,경남,234.0
형법범 (건),공무원범죄,2018,제주,73.0
형법범 (건),공무원범죄,2019,전국,3879.0
형법범 (건),공무원범죄,2019,서울,1157.0
형법범 (건),공무원범죄,2019,부산,337.0
형법범 (건),공무원범죄,2019,대구,101.0
형법범 (건),공무원범죄,2019,인천,354.0
형법범 (건),공무원범죄,2019,광주,200.0
형법범 (건),공무원범죄,2019,대전,97.0
형법범 (건),공무원범죄,2019,울산,26.0
형법범 (건),공무원범죄,2019,세종,31.0
형법범 (건),공무원범죄,2019,경기,401.0
형법범 (건),공무원범죄,2019,강원,172.0
형법범 (건),공무원범죄,2019,충북,97.0
형법범 (건),공무원범죄,2019,충남,93.0
형법범 (건),공무원범죄,2019,전북,186.0
형법범 (건),공무원범죄,2019,전남,190.0
형법범 (건),공무원범죄,2019,경북,165.0
형법범 (건),공무원범죄,2019,경남,206.0
형법범 (건),공무원범죄,2019,제주,66.0
형법범 (건),공무원범죄,2020,전국,3689.0
형법범 (건),공무원범죄,2020,서울,961.0
형법범 (건),공무원범죄,2020,부산,254.0
형법범 (건),공무원범죄,2020,대구,219.0
형법범 (건),공무원범죄,2020,인천,130.0
형법범 (건),공무원범죄,2020,광주,163.0
형법범 (건),공무원범죄,2020,대전,135.0
형법범 (건),공무원범죄,2020,울산,57.0
형법범 (건),공무원범죄,2020,세종,20.0
형법범 (건),공무원범죄,2020,경기,629.0
형법범 (건),공무원범죄,2020,강원,130.0
형법범 (건),공무원범죄,2020,충북,102.0
형법범 (건),공무원범죄,2020,충남,113.0
형법범 (건),공무원범죄,2020,전북,101.0
형법범 (건),공무원범죄,2020,전남,226.0
형법범 (건),공무원범죄,2020,경북,158.0
형법범 (건),공무원범죄,2020,경남,220.0
형법범 (건),공무원범죄,2020,제주,71.0
형법범 (건),공무원범죄,2021,전국,3717.0
형법범 (건),공무원범죄,2021,서울,799.0
형법범 (건),공무원범죄,2021,부산,357.0
형법범 (건),공무원범죄,2021,대구,116.0
형법범 (건),공무원범죄,2021,인천,364.0
형법범 (건),공무원범죄,2021,광주,221.0
형법범 (건),공무원범죄,2021,대전,110.0
형법범 (건),공무원범죄,2021,울산,74.0
형법범 (건),공무원범죄,2021,세종,37.0
형법범 (건),공무원범죄,2021,경기,579.0
형법범 (건),공무원범죄,2021,강원,96.0
형법범 (건),공무원범죄,2021,충북,96.0
형법범 (건),공무원범죄,2021,충남,92.0
형법범 (건),공무원범죄,2021,전북,132.0
형법범 (건),공무원범죄,2021,전남,194.0
형법범 (건),공무원범죄,2021,경북,177.0
형법범 (건),공무원범죄,2021,경남,242.0
형법범 (건),공무원범죄,2021,제주,31.0
형법범 (건),공무원범죄,2022,전국,4775.0
형법범 (건),공무원범죄,2022,서울,1023.0
형법범 (건),공무원범죄,2022,부산,409.0
형법범 (건),공무원범죄,2022,대구,202.0
형법범 (건),공무원범죄,2022,인천,296.0
형법범 (건),공무원범죄,2022,광주,180.0
형법범 (건),공무원범죄,2022,대전,158.0
형법범 (건),공무원범죄,2022,울산,115.0
형법범 (건),공무원범죄,2022,세종,42.0
형법범 (건),공무원범죄,2022,경기,1029.0
형법범 (건),공무원범죄,2022,강원,97.0
형법범 (건),공무원범죄,2022,충북,108.0
형법범 (건),공무원범죄,2022,충남,152.0
형법범 (건),공무원범죄,2022,전북,251.0
형법범 (건),공무원범죄,2022,전남,197.0
형법범 (건),공무원범죄,2022,경북,227.0
형법범 (건),공무원범죄,2022,경남,244.0
형법범 (건),공무원범죄,2022,제주,45.0
형법범 (건),풍속범죄,2014,전국,9580.0
형법범 (건),풍속범죄,2014,서울,1659.0
형법범 (건),풍속범죄,2014,부산,779.0
형법범 (건),풍속범죄,2014,대구,622.0
형법범 (건),풍속범죄,2014,인천,404.0
형법범 (건),풍속범죄,2014,광주,313.0
형법범 (건),풍속범죄,2014,대전,182.0
형법범 (건),풍속범죄,2014,울산,225.0
형법범 (건),풍속범죄,2014,세종,11.0
형법범 (건),풍속범죄,2014,경기,2093.0
형법범 (건),풍속범죄,2014,강원,297.0
형법범 (건),풍속범죄,2014,충북,575.0
형법범 (건),풍속범죄,2014,충남,330.0
형법범 (건),풍속범죄,2014,전북,366.0
형법범 (건),풍속범죄,2014,전남,417.0
형법범 (건),풍속범죄,2014,경북,592.0
형법범 (건),풍속범죄,2014,경남,550.0
형법범 (건),풍속범죄,2014,제주,165.0
형법범 (건),풍속범죄,2015,전국,10252.0
형법범 (건),풍속범죄,2015,서울,1849.0
형법범 (건),풍속범죄,2015,부산,1159.0
형법범 (건),풍속범죄,2015,대구,581.0
형법범 (건),풍속범죄,2015,인천,451.0
형법범 (건),풍속범죄,2015,광주,253.0
형법범 (건),풍속범죄,2015,대전,228.0
형법범 (건),풍속범죄,2015,울산,144.0
형법범 (건),풍속범죄,2015,세종,24.0
형법범 (건),풍속범죄,2015,경기,2373.0
형법범 (건),풍속범죄,2015,강원,277.0
형법범 (건),풍속범죄,2015,충북,314.0
형법범 (건),풍속범죄,2015,충남,396.0
형법범 (건),풍속범죄,2015,전북,360.0
형법범 (건),풍속범죄,2015,전남,488.0
형법범 (건),풍속범죄,2015,경북,549.0
형법범 (건),풍속범죄,2015,경남,625.0
형법범 (건),풍속범죄,2015,제주,181.0
형법범 (건),풍속범죄,2016,전국,15856.0
형법범 (건),풍속범죄,2016,서울,2802.0
형법범 (건),풍속범죄,2016,부산,1354.0
형법범 (건),풍속범죄,2016,대구,1050.0
형법범 (건),풍속범죄,2016,인천,694.0
형법범 (건),풍속범죄,2016,광주,430.0
형법범 (건),풍속범죄,2016,대전,514.0
형법범 (건),풍속범죄,2016,울산,589.0
형법범 (건),풍속범죄,2016,세종,32.0
형법범 (건),풍속범죄,2016,경기,3270.0
형법범 (건),풍속범죄,2016,강원,288.0
형법범 (건),풍속범죄,2016,충북,383.0
형법범 (건),풍속범죄,2016,충남,632.0
형법범 (건),풍속범죄,2016,전북,786.0
형법범 (건),풍속범죄,2016,전남,451.0
형법범 (건),풍속범죄,2016,경북,1057.0
형법범 (건),풍속범죄,2016,경남,1201.0
형법범 (건),풍속범죄,2016,제주,323.0
형법범 (건),풍속범죄,2017,전국,12161.0
형법범 (건),풍속범죄,2017,서울,2084.0
형법범 (건),풍속범죄,2017,부산,2269.0
형법범 (건),풍속범죄,2017,대구,601.0
형법범 (건),풍속범죄,2017,인천,544.0
형법범 (건),풍속범죄,2017,광주,317.0
형법범 (건),풍속범죄,2017,대전,289.0
형법범 (건),풍속범죄,2017,울산,217.0
형법범 (건),풍속범죄,2017,세종,24.0
형법범 (건),풍속범죄,2017,경기,2454.0
형법범 (건),풍속범죄,2017,강원,280.0
형법범 (건),풍속범죄,2017,충북,237.0
형법범 (건),풍속범죄,2017,충남,393.0
형법범 (건),풍속범죄,2017,전북,302.0
형법범 (건),풍속범죄,2017,전남,387.0
형법범 (건),풍속범죄,2017,경북,734.0
형법범 (건),풍속범죄,2017,경남,816.0
형법범 (건),풍속범죄,2017,제주,213.0
형법범 (건),풍속범죄,2018,전국,9097.0
형법범 (건),풍속범죄,2018,서울,1480.0
형법범 (건),풍속범죄,2018,부산,1426.0
형법범 (건),풍속범죄,2018,대구,345.0
형법범 (건),풍속범죄,2018,인천,479.0
형법범 (건),풍속범죄,2018,광주,229.0
형법범 (건),풍속범죄,2018,대전,279.0
형법범 (건),풍속범죄,2018,울산,106.0
형법범 (건),풍속범죄,2018,세종,24.0
형법범 (건),풍속범죄,2018,경기,2067.0
형법범 (건),풍속범죄,2018,강원,278.0
형법범 (건),풍속범죄,2018,충북,215.0
형법범 (건),풍속범죄,2018,충남,375.0
형법범 (건),풍속범죄,2018,전북,304.0
형법범 (건),풍속범죄,2018,전남,336.0
형법범 (건),풍속범죄,2018,경북,451.0
형법범 (건),풍속범죄,2018,경남,548.0
형법범 (건),풍속범죄,2018,제주,155.0
형법범 (건),풍속범죄,2019,전국,11447.0
형법범 (건),풍속범죄,2019,서울,1952.0
형법범 (건),풍속범죄,2019,부산,1055.0
형법범 (건),풍속범죄,2019,대구,582.0
형법범 (건),풍속범죄,2019,인천,755.0
형법범 (건),풍속범죄,2019,광주,289.0
형법범 (건),풍속범죄,2019,대전,229.0
형법범 (건),풍속범죄,2019,울산,188.0
형법범 (건),풍속범죄,2019,세종,31.0
형법범 (건),풍속범죄,2019,경기,2834.0
형법범 (건),풍속범죄,2019,강원,445.0
형법범 (건),풍속범죄,2019,충북,278.0
형법범 (건),풍속범죄,2019,충남,406.0
형법범 (건),풍속범죄,2019,전북,423.0
형법범 (건),풍속범죄,2019,전남,367.0
형법범 (건),풍속범죄,2019,경북,573.0
형법범 (건),풍속범죄,2019,경남,863.0
형법범 (건),풍속범죄,2019,제주,177.0
형법범 (건),풍속범죄,2020,전국,10951.0
형법범 (건),풍속범죄,2020,서울,2075.0
형법범 (건),풍속범죄,2020,부산,694.0
형법범 (건),풍속범죄,2020,대구,549.0
형법범 (건),풍속범죄,2020,인천,549.0
형법범 (건),풍속범죄,2020,광주,234.0
형법범 (건),풍속범죄,2020,대전,235.0
형법범 (건),풍속범죄,2020,울산,340.0
형법범 (건),풍속범죄,2020,세종,15.0
형법범 (건),풍속범죄,2020,경기,3647.0
형법범 (건),풍속범죄,2020,강원,311.0
형법범 (건),풍속범죄,2020,충북,238.0
형법범 (건),풍속범죄,2020,충남,404.0
형법범 (건),풍속범죄,2020,전북,363.0
형법범 (건),풍속범죄,2020,전남,290.0
형법범 (건),풍속범죄,2020,경북,412.0
형법범 (건),풍속범죄,2020,경남,471.0
형법범 (건),풍속범죄,2020,제주,124.0
형법범 (건),풍속범죄,2021,전국,9135.0
형법범 (건),풍속범죄,2021,서울,1599.0
형법범 (건),풍속범죄,2021,부산,674.0
형법범 (건),풍속범죄,2021,대구,311.0
형법범 (건),풍속범죄,2021,인천,451.0
형법범 (건),풍속범죄,2021,광주,184.0
형법범 (건),풍속범죄,2021,대전,284.0
형법범 (건),풍속범죄,2021,울산,68.0
형법범 (건),풍속범죄,2021,세종,28.0
형법범 (건),풍속범죄,2021,경기,3144.0
형법범 (건),풍속범죄,2021,강원,317.0
형법범 (건),풍속범죄,2021,충북,218.0
형법범 (건),풍속범죄,2021,충남,299.0
형법범 (건),풍속범죄,2021,전북,249.0
형법범 (건),풍속범죄,2021,전남,357.0
형법범 (건),풍속범죄,2021,경북,305.0
형법범 (건),풍속범죄,2021,경남,521.0
형법범 (건),풍속범죄,2021,제주,126.0
형법범 (건),풍속범죄,2022,전국,7016.0
형법범 (건),풍속범죄,2022,서울,1090.0
형법범 (건),풍속범죄,2022,부산,597.0
형법범 (건),풍속범죄,2022,대구,256.0
형법범 (건),풍속범죄,2022,인천,415.0
형법범 (건),풍속범죄,2022,광주,176.0
형법범 (건),풍속범죄,2022,대전,282.0
형법범 (건),풍속범죄,2022,울산,124.0
형법범 (건),풍속범죄,2022,세종,24.0
형법범 (건),풍속범죄,2022,경기,2070.0
형법범 (건),풍속범죄,2022,강원,208.0
형법범 (건),풍속범죄,2022,충북,192.0
형법범 (건),풍속범죄,2022,충남,278.0
형법범 (건),풍속범죄,2022,전북,209.0
형법범 (건),풍속범죄,2022,전남,219.0
형법범 (건),풍속범죄,2022,경북,281.0
형법범 (건),풍속범죄,2022,경남,463.0
형법범 (건),풍속범죄,2022,제주,132.0
형법범 (건),과실범죄,2014,전국,7092.0
형법범 (건),과실범죄,2014,서울,1213.0
형법범 (건),과실범죄,2014,부산,584.0
형법범 (건),과실범죄,2014,대구,273.0
형법범 (건),과실범죄,2014,인천,339.0
형법범 (건),과실범죄,2014,광주,218.0
형법범 (건),과실범죄,2014,대전,126.0
형법범 (건),과실범죄,2014,울산,143.0
형법범 (건),과실범죄,2014,세종,22.0
형법범 (건),과실범죄,2014,경기,1615.0
형법범 (건),과실범죄,2014,강원,331.0
형법범 (건),과실범죄,2014,충북,274.0
형법범 (건),과실범죄,2014,충남,286.0
형법범 (건),과실범죄,2014,전북,300.0
형법범 (건),과실범죄,2014,전남,380.0
형법범 (건),과실범죄,2014,경북,372.0
형법범 (건),과실범죄,2014,경남,437.0
형법범 (건),과실범죄,2014,제주,179.0
형법범 (건),과실범죄,2015,전국,7599.0
형법범 (건),과실범죄,2015,서울,1353.0
형법범 (건),과실범죄,2015,부산,497.0
형법범 (건),과실범죄,2015,대구,288.0
형법범 (건),과실범죄,2015,인천,399.0
형법범 (건),과실범죄,2015,광주,219.0
형법범 (건),과실범죄,2015,대전,184.0
형법범 (건),과실범죄,2015,울산,115.0
형법범 (건),과실범죄,2015,세종,22.0
형법범 (건),과실범죄,2015,경기,1805.0
형법범 (건),과실범죄,2015,강원,375.0
형법범 (건),과실범죄,2015,충북,286.0
형법범 (건),과실범죄,2015,충남,338.0
형법범 (건),과실범죄,2015,전북,274.0
형법범 (건),과실범죄,2015,전남,405.0
형법범 (건),과실범죄,2015,경북,395.0
형법범 (건),과실범죄,2015,경남,490.0
형법범 (건),과실범죄,2015,제주,154.0
형법범 (건),과실범죄,2016,전국,7708.0
형법범 (건),과실범죄,2016,서울,1317.0
형법범 (건),과실범죄,2016,부산,536.0
형법범 (건),과실범죄,2016,대구,298.0
형법범 (건),과실범죄,2016,인천,436.0
형법범 (건),과실범죄,2016,광주,193.0
형법범 (건),과실범죄,2016,대전,180.0
형법범 (건),과실범죄,2016,울산,116.0
형법범 (건),과실범죄,2016,세종,21.0
형법범 (건),과실범죄,2016,경기,1823.0
형법범 (건),과실범죄,2016,강원,362.0
형법범 (건),과실범죄,2016,충북,304.0
형법범 (건),과실범죄,2016,충남,339.0
형법범 (건),과실범죄,2016,전북,291.0
형법범 (건),과실범죄,2016,전남,382.0
형법범 (건),과실범죄,2016,경북,404.0
형법범 (건),과실범죄,2016,경남,510.0
형법범 (건),과실범죄,2016,제주,196.0
형법범 (건),과실범죄,2017,전국,8419.0
형법범 (건),과실범죄,2017,서울,1389.0
형법범 (건),과실범죄,2017,부산,638.0
형법범 (건),과실범죄,2017,대구,290.0
형법범 (건),과실범죄,2017,인천,472.0
형법범 (건),과실범죄,2017,광주,209.0
형법범 (건),과실범죄,2017,대전,179.0
형법범 (건),과실범죄,2017,울산,105.0
형법범 (건),과실범죄,2017,세종,30.0
형법범 (건),과실범죄,2017,경기,2131.0
형법범 (건),과실범죄,2017,강원,379.0
형법범 (건),과실범죄,2017,충북,315.0
형법범 (건),과실범죄,2017,충남,373.0
형법범 (건),과실범죄,2017,전북,310.0
형법범 (건),과실범죄,2017,전남,403.0
형법범 (건),과실범죄,2017,경북,421.0
형법범 (건),과실범죄,2017,경남,547.0
형법범 (건),과실범죄,2017,제주,228.0
형법범 (건),과실범죄,2018,전국,8836.0
형법범 (건),과실범죄,2018,서울,1497.0
형법범 (건),과실범죄,2018,부산,846.0
형법범 (건),과실범죄,2018,대구,339.0
형법범 (건),과실범죄,2018,인천,516.0
형법범 (건),과실범죄,2018,광주,218.0
형법범 (건),과실범죄,2018,대전,209.0
형법범 (건),과실범죄,2018,울산,101.0
형법범 (건),과실범죄,2018,세종,40.0
형법범 (건),과실범죄,2018,경기,2153.0
형법범 (건),과실범죄,2018,강원,382.0
형법범 (건),과실범죄,2018,충북,314.0
형법범 (건),과실범죄,2018,충남,389.0
형법범 (건),과실범죄,2018,전북,265.0
형법범 (건),과실범죄,2018,전남,428.0
형법범 (건),과실범죄,2018,경북,401.0
형법범 (건),과실범죄,2018,경남,502.0
형법범 (건),과실범죄,2018,제주,236.0
형법범 (건),과실범죄,2019,전국,9176.0
형법범 (건),과실범죄,2019,서울,1567.0
형법범 (건),과실범죄,2019,부산,637.0
형법범 (건),과실범죄,2019,대구,352.0
형법범 (건),과실범죄,2019,인천,477.0
형법범 (건),과실범죄,2019,광주,200.0
형법범 (건),과실범죄,2019,대전,181.0
형법범 (건),과실범죄,2019,울산,116.0
형법범 (건),과실범죄,2019,세종,30.0
형법범 (건),과실범죄,2019,경기,2298.0
형법범 (건),과실범죄,2019,강원,421.0
형법범 (건),과실범죄,2019,충북,408.0
형법범 (건),과실범죄,2019,충남,388.0
형법범 (건),과실범죄,2019,전북,306.0
형법범 (건),과실범죄,2019,전남,455.0
형법범 (건),과실범죄,2019,경북,462.0
형법범 (건),과실범죄,2019,경남,669.0
형법범 (건),과실범죄,2019,제주,209.0
형법범 (건),과실범죄,2020,전국,8873.0
형법범 (건),과실범죄,2020,서울,1494.0
형법범 (건),과실범죄,2020,부산,691.0
형법범 (건),과실범죄,2020,대구,320.0
형법범 (건),과실범죄,2020,인천,458.0
형법범 (건),과실범죄,2020,광주,205.0
형법범 (건),과실범죄,2020,대전,220.0
형법범 (건),과실범죄,2020,울산,111.0
형법범 (건),과실범죄,2020,세종,34.0
형법범 (건),과실범죄,2020,경기,2303.0
형법범 (건),과실범죄,2020,강원,360.0
형법범 (건),과실범죄,2020,충북,295.0
형법범 (건),과실범죄,2020,충남,387.0
형법범 (건),과실범죄,2020,전북,322.0
형법범 (건),과실범죄,2020,전남,432.0
형법범 (건),과실범죄,2020,경북,455.0
형법범 (건),과실범죄,2020,경남,573.0
형법범 (건),과실범죄,2020,제주,213.0
형법범 (건),과실범죄,2021,전국,8179.0
형법범 (건),과실범죄,2021,서울,1406.0
형법범 (건),과실범죄,2021,부산,592.0
형법범 (건),과실범죄,2021,대구,301.0
형법범 (건),과실범죄,2021,인천,436.0
형법범 (건),과실범죄,2021,광주,174.0
형법범 (건),과실범죄,2021,대전,170.0
형법범 (건),과실범죄,2021,울산,97.0
형법범 (건),과실범죄,2021,세종,42.0
형법범 (건),과실범죄,2021,경기,2174.0
형법범 (건),과실범죄,2021,강원,295.0
형법범 (건),과실범죄,2021,충북,279.0
형법범 (건),과실범죄,2021,충남,348.0
형법범 (건),과실범죄,2021,전북,283.0
형법범 (건),과실범죄,2021,전남,390.0
형법범 (건),과실범죄,2021,경북,420.0
형법범 (건),과실범죄,2021,경남,556.0
형법범 (건),과실범죄,2021,제주,216.0
형법범 (건),과실범죄,2022,전국,8901.0
형법범 (건),과실범죄,2022,서울,1529.0
형법범 (건),과실범죄,2022,부산,592.0
형법범 (건),과실범죄,2022,대구,353.0
형법범 (건),과실범죄,2022,인천,499.0
형법범 (건),과실범죄,2022,광주,195.0
형법범 (건),과실범죄,2022,대전,182.0
형법범 (건),과실범죄,2022,울산,86.0
형법범 (건),과실범죄,2022,세종,45.0
형법범 (건),과실범죄,2022,경기,2381.0
형법범 (건),과실범죄,2022,강원,381.0
형법범 (건),과실범죄,2022,충북,334.0
형법범 (건),과실범죄,2022,충남,376.0
형법범 (건),과실범죄,2022,전북,295.0
형법범 (건),과실범죄,2022,전남,452.0
형법범 (건),과실범죄,2022,경북,451.0
형법범 (건),과실범죄,2022,경남,548.0
형법범 (건),과실범죄,2022,제주,202.0
형법범 (건),기타형법범죄,2014,전국,90270.0
형법범 (건),기타형법범죄,2014,서울,22973.0
형법범 (건),기타형법범죄,2014,부산,7200.0
형법범 (건),기타형법범죄,2014,대구,4104.0
형법범 (건),기타형법범죄,2014,인천,4659.0
형법범 (건),기타형법범죄,2014,광주,2550.0
형법범 (건),기타형법범죄,2014,대전,2122.0
형법범 (건),기타형법범죄,2014,울산,2022.0
형법범 (건),기타형법범죄,2014,세종,130.0
형법범 (건),기타형법범죄,2014,경기,20377.0
형법범 (건),기타형법범죄,2014,강원,2677.0
형법범 (건),기타형법범죄,2014,충북,2347.0
형법범 (건),기타형법범죄,2014,충남,3120.0
형법범 (건),기타형법범죄,2014,전북,2023.0
형법범 (건),기타형법범죄,2014,전남,3015.0
형법범 (건),기타형법범죄,2014,경북,3872.0
형법범 (건),기타형법범죄,2014,경남,5088.0
형법범 (건),기타형법범죄,2014,제주,1991.0
형법범 (건),기타형법범죄,2015,전국,99774.0
형법범 (건),기타형법범죄,2015,서울,24224.0
형법범 (건),기타형법범죄,2015,부산,8582.0
형법범 (건),기타형법범죄,2015,대구,4929.0
형법범 (건),기타형법범죄,2015,인천,5285.0
형법범 (건),기타형법범죄,2015,광주,2785.0
형법범 (건),기타형법범죄,2015,대전,2537.0
형법범 (건),기타형법범죄,2015,울산,1229.0
형법범 (건),기타형법범죄,2015,세종,194.0
형법범 (건),기타형법범죄,2015,경기,23031.0
형법범 (건),기타형법범죄,2015,강원,2901.0
형법범 (건),기타형법범죄,2015,충북,2532.0
형법범 (건),기타형법범죄,2015,충남,3701.0
형법범 (건),기타형법범죄,2015,전북,2445.0
형법범 (건),기타형법범죄,2015,전남,3197.0
형법범 (건),기타형법범죄,2015,경북,3938.0
형법범 (건),기타형법범죄,2015,경남,6094.0
형법범 (건),기타형법범죄,2015,제주,2170.0
형법범 (건),기타형법범죄,2016,전국,102156.0
형법범 (건),기타형법범죄,2016,서울,24525.0
형법범 (건),기타형법범죄,2016,부산,8656.0
형법범 (건),기타형법범죄,2016,대구,4464.0
형법범 (건),기타형법범죄,2016,인천,5612.0
형법범 (건),기타형법범죄,2016,광주,2570.0
형법범 (건),기타형법범죄,2016,대전,2622.0
형법범 (건),기타형법범죄,2016,울산,1271.0
형법범 (건),기타형법범죄,2016,세종,190.0
형법범 (건),기타형법범죄,2016,경기,23393.0
형법범 (건),기타형법범죄,2016,강원,3103.0
형법범 (건),기타형법범죄,2016,충북,2735.0
형법범 (건),기타형법범죄,2016,충남,3660.0
형법범 (건),기타형법범죄,2016,전북,2571.0
형법범 (건),기타형법범죄,2016,전남,3172.0
형법범 (건),기타형법범죄,2016,경북,4062.0
형법범 (건),기타형법범죄,2016,경남,6804.0
형법범 (건),기타형법범죄,2016,제주,2746.0
형법범 (건),기타형법범죄,2017,전국,97783.0
형법범 (건),기타형법범죄,2017,서울,22647.0
형법범 (건),기타형법범죄,2017,부산,7273.0
형법범 (건),기타형법범죄,2017,대구,4348.0
형법범 (건),기타형법범죄,2017,인천,5579.0
형법범 (건),기타형법범죄,2017,광주,2413.0
형법범 (건),기타형법범죄,2017,대전,2722.0
형법범 (건),기타형법범죄,2017,울산,1256.0
형법범 (건),기타형법범죄,2017,세종,256.0
형법범 (건),기타형법범죄,2017,경기,22924.0
형법범 (건),기타형법범죄,2017,강원,3175.0
형법범 (건),기타형법범죄,2017,충북,2844.0
형법범 (건),기타형법범죄,2017,충남,3671.0
형법범 (건),기타형법범죄,2017,전북,2664.0
형법범 (건),기타형법범죄,2017,전남,3240.0
형법범 (건),기타형법범죄,2017,경북,4137.0
형법범 (건),기타형법범죄,2017,경남,6516.0
형법범 (건),기타형법범죄,2017,제주,2118.0
형법범 (건),기타형법범죄,2018,전국,102907.0
형법범 (건),기타형법범죄,2018,서울,23690.0
형법범 (건),기타형법범죄,2018,부산,7680.0
형법범 (건),기타형법범죄,2018,대구,4386.0
형법범 (건),기타형법범죄,2018,인천,6361.0
형법범 (건),기타형법범죄,2018,광주,2797.0
형법범 (건),기타형법범죄,2018,대전,2902.0
형법범 (건),기타형법범죄,2018,울산,1219.0
형법범 (건),기타형법범죄,2018,세종,329.0
형법범 (건),기타형법범죄,2018,경기,23652.0
형법범 (건),기타형법범죄,2018,강원,3298.0
형법범 (건),기타형법범죄,2018,충북,2961.0
형법범 (건),기타형법범죄,2018,충남,4026.0
형법범 (건),기타형법범죄,2018,전북,2997.0
형법범 (건),기타형법범죄,2018,전남,3552.0
형법범 (건),기타형법범죄,2018,경북,4173.0
형법범 (건),기타형법범죄,2018,경남,6541.0
형법범 (건),기타형법범죄,2018,제주,2343.0
형법범 (건),기타형법범죄,2019,전국,105310.0
형법범 (건),기타형법범죄,2019,서울,23330.0
형법범 (건),기타형법범죄,2019,부산,8097.0
형법범 (건),기타형법범죄,2019,대구,4446.0
형법범 (건),기타형법범죄,2019,인천,6673.0
형법범 (건),기타형법범죄,2019,광주,2922.0
형법범 (건),기타형법범죄,2019,대전,2813.0
형법범 (건),기타형법범죄,2019,울산,1183.0
형법범 (건),기타형법범죄,2019,세종,385.0
형법범 (건),기타형법범죄,2019,경기,24211.0
형법범 (건),기타형법범죄,2019,강원,3428.0
형법범 (건),기타형법범죄,2019,충북,2958.0
형법범 (건),기타형법범죄,2019,충남,4314.0
형법범 (건),기타형법범죄,2019,전북,3086.0
형법범 (건),기타형법범죄,2019,전남,3842.0
형법범 (건),기타형법범죄,2019,경북,4549.0
형법범 (건),기타형법범죄,2019,경남,6762.0
형법범 (건),기타형법범죄,2019,제주,2311.0
형법범 (건),기타형법범죄,2020,전국,103200.0
형법범 (건),기타형법범죄,2020,서울,22713.0
형법범 (건),기타형법범죄,2020,부산,7780.0
형법범 (건),기타형법범죄,2020,대구,4239.0
형법범 (건),기타형법범죄,2020,인천,5859.0
형법범 (건),기타형법범죄,2020,광주,2788.0
형법범 (건),기타형법범죄,2020,대전,2832.0
형법범 (건),기타형법범죄,2020,울산,1188.0
형법범 (건),기타형법범죄,2020,세종,419.0
형법범 (건),기타형법범죄,2020,경기,24498.0
형법범 (건),기타형법범죄,2020,강원,3438.0
형법범 (건),기타형법범죄,2020,충북,2828.0
형법범 (건),기타형법범죄,2020,충남,4134.0
형법범 (건),기타형법범죄,2020,전북,3040.0
형법범 (건),기타형법범죄,2020,전남,3755.0
형법범 (건),기타형법범죄,2020,경북,4216.0
형법범 (건),기타형법범죄,2020,경남,6994.0
형법범 (건),기타형법범죄,2020,제주,2479.0
형법범 (건),기타형법범죄,2021,전국,92320.0
형법범 (건),기타형법범죄,2021,서울,20578.0
형법범 (건),기타형법범죄,2021,부산,7060.0
형법범 (건),기타형법범죄,2021,대구,3632.0
형법범 (건),기타형법범죄,2021,인천,5952.0
형법범 (건),기타형법범죄,2021,광주,2616.0
형법범 (건),기타형법범죄,2021,대전,2446.0
형법범 (건),기타형법범죄,2021,울산,1092.0
형법범 (건),기타형법범죄,2021,세종,390.0
형법범 (건),기타형법범죄,2021,경기,21651.0
형법범 (건),기타형법범죄,2021,강원,2870.0
형법범 (건),기타형법범죄,2021,충북,2393.0
형법범 (건),기타형법범죄,2021,충남,3263.0
형법범 (건),기타형법범죄,2021,전북,2895.0
형법범 (건),기타형법범죄,2021,전남,3322.0
형법범 (건),기타형법범죄,2021,경북,3767.0
형법범 (건),기타형법범죄,2021,경남,6208.0
형법범 (건),기타형법범죄,2021,제주,2185.0
형법범 (건),기타형법범죄,2022,전국,99908.0
형법범 (건),기타형법범죄,2022,서울,25244.0
형법범 (건),기타형법범죄,2022,부산,7572.0
형법범 (건),기타형법범죄,2022,대구,3893.0
형법범 (건),기타형법범죄,2022,인천,6317.0
형법범 (건),기타형법범죄,2022,광주,2298.0
형법범 (건),기타형법범죄,2022,대전,2612.0
형법범 (건),기타형법범죄,2022,울산,822.0
형법범 (건),기타형법범죄,2022,세종,414.0
형법범 (건),기타형법범죄,2022,경기,23322.0
형법범 (건),기타형법범죄,2022,강원,2729.0
형법범 (건),기타형법범죄,2022,충북,2588.0
형법범 (건),기타형법범죄,2022,충남,3655.0
형법범 (건),기타형법범죄,2022,전북,2884.0
형법범 (건),기타형법범죄,2022,전남,3148.0
형법범 (건),기타형법범죄,2022,경북,4016.0
형법범 (건),기타형법범죄,2022,경남,6217.0
형법범 (건),기타형법범죄,2022,제주,2177.0
특별법범 (건),소계,2014,전국,917626.0
특별법범 (건),소계,2014,서울,152209.0
특별법범 (건),소계,2014,부산,66680.0
특별법범 (건),소계,2014,대구,54490.0
특별법범 (건),소계,2014,인천,52332.0
특별법범 (건),소계,2014,광주,35649.0
특별법범 (건),소계,2014,대전,19200.0
특별법범 (건),소계,2014,울산,22495.0
특별법범 (건),소계,2014,세종,1910.0
특별법범 (건),소계,2014,경기,217415.0
특별법범 (건),소계,2014,강원,30987.0
특별법범 (건),소계,2014,충북,27011.0
특별법범 (건),소계,2014,충남,38712.0
특별법범 (건),소계,2014,전북,31723.0
특별법범 (건),소계,2014,전남,38963.0
특별법범 (건),소계,2014,경북,51508.0
특별법범 (건),소계,2014,경남,61014.0
특별법범 (건),소계,2014,제주,15328.0
특별법범 (건),소계,2015,전국,972970.0
특별법범 (건),소계,2015,서울,149233.0
특별법범 (건),소계,2015,부산,74728.0
특별법범 (건),소계,2015,대구,56943.0
특별법범 (건),소계,2015,인천,54472.0
특별법범 (건),소계,2015,광주,33931.0
특별법범 (건),소계,2015,대전,19990.0
특별법범 (건),소계,2015,울산,19374.0
특별법범 (건),소계,2015,세종,1701.0
특별법범 (건),소계,2015,경기,233510.0
특별법범 (건),소계,2015,강원,34422.0
특별법범 (건),소계,2015,충북,28945.0
특별법범 (건),소계,2015,충남,42777.0
특별법범 (건),소계,2015,전북,31540.0
특별법범 (건),소계,2015,전남,44956.0
특별법범 (건),소계,2015,경북,54636.0
특별법범 (건),소계,2015,경남,73291.0
특별법범 (건),소계,2015,제주,18521.0
특별법범 (건),소계,2016,전국,1002601.0
특별법범 (건),소계,2016,서울,146286.0
특별법범 (건),소계,2016,부산,67084.0
특별법범 (건),소계,2016,대구,48314.0
특별법범 (건),소계,2016,인천,52095.0
특별법범 (건),소계,2016,광주,31797.0
특별법범 (건),소계,2016,대전,21396.0
특별법범 (건),소계,2016,울산,15731.0
특별법범 (건),소계,2016,세종,2129.0
특별법범 (건),소계,2016,경기,289048.0
특별법범 (건),소계,2016,강원,35457.0
특별법범 (건),소계,2016,충북,33094.0
특별법범 (건),소계,2016,충남,40706.0
특별법범 (건),소계,2016,전북,30668.0
특별법범 (건),소계,2016,전남,42269.0
특별법범 (건),소계,2016,경북,51339.0
특별법범 (건),소계,2016,경남,75599.0
특별법범 (건),소계,2016,제주,19589.0
특별법범 (건),소계,2017,전국,866011.0
특별법범 (건),소계,2017,서울,138221.0
특별법범 (건),소계,2017,부산,55427.0
특별법범 (건),소계,2017,대구,39261.0
특별법범 (건),소계,2017,인천,46311.0
특별법범 (건),소계,2017,광주,28258.0
특별법범 (건),소계,2017,대전,21558.0
특별법범 (건),소계,2017,울산,13558.0
특별법범 (건),소계,2017,세종,2129.0
특별법범 (건),소계,2017,경기,234416.0
특별법범 (건),소계,2017,강원,30617.0
특별법범 (건),소계,2017,충북,29320.0
특별법범 (건),소계,2017,충남,36879.0
특별법범 (건),소계,2017,전북,28195.0
특별법범 (건),소계,2017,전남,35206.0
특별법범 (건),소계,2017,경북,46550.0
특별법범 (건),소계,2017,경남,62836.0
특별법범 (건),소계,2017,제주,17269.0
특별법범 (건),소계,2018,전국,749792.0
특별법범 (건),소계,2018,서울,127783.0
특별법범 (건),소계,2018,부산,50323.0
특별법범 (건),소계,2018,대구,35195.0
특별법범 (건),소계,2018,인천,35487.0
특별법범 (건),소계,2018,광주,23103.0
특별법범 (건),소계,2018,대전,18252.0
특별법범 (건),소계,2018,울산,11941.0
특별법범 (건),소계,2018,세종,2161.0
특별법범 (건),소계,2018,경기,194075.0
특별법범 (건),소계,2018,강원,25363.0
특별법범 (건),소계,2018,충북,25013.0
특별법범 (건),소계,2018,충남,35682.0
특별법범 (건),소계,2018,전북,25518.0
특별법범 (건),소계,2018,전남,33567.0
특별법범 (건),소계,2018,경북,42168.0
특별법범 (건),소계,2018,경남,51819.0
특별법범 (건),소계,2018,제주,12342.0
특별법범 (건),소계,2019,전국,726289.0
특별법범 (건),소계,2019,서울,120129.0
특별법범 (건),소계,2019,부산,47698.0
특별법범 (건),소계,2019,대구,33986.0
특별법범 (건),소계,2019,인천,37842.0
특별법범 (건),소계,2019,광주,22531.0
특별법범 (건),소계,2019,대전,17674.0
특별법범 (건),소계,2019,울산,12681.0
특별법범 (건),소계,2019,세종,2276.0
특별법범 (건),소계,2019,경기,184298.0
특별법범 (건),소계,2019,강원,24460.0
특별법범 (건),소계,2019,충북,23384.0
특별법범 (건),소계,2019,충남,33610.0
특별법범 (건),소계,2019,전북,26430.0
특별법범 (건),소계,2019,전남,35390.0
특별법범 (건),소계,2019,경북,39620.0
특별법범 (건),소계,2019,경남,53397.0
특별법범 (건),소계,2019,제주,10883.0
특별법범 (건),소계,2020,전국,670141.0
특별법범 (건),소계,2020,서울,106277.0
특별법범 (건),소계,2020,부산,43781.0
특별법범 (건),소계,2020,대구,30410.0
특별법범 (건),소계,2020,인천,35189.0
특별법범 (건),소계,2020,광주,20691.0
특별법범 (건),소계,2020,대전,16189.0
특별법범 (건),소계,2020,울산,11281.0
특별법범 (건),소계,2020,세종,2452.0
특별법범 (건),소계,2020,경기,173832.0
특별법범 (건),소계,2020,강원,23446.0
특별법범 (건),소계,2020,충북,21674.0
특별법범 (건),소계,2020,충남,31899.0
특별법범 (건),소계,2020,전북,23725.0
특별법범 (건),소계,2020,전남,34026.0
특별법범 (건),소계,2020,경북,36152.0
특별법범 (건),소계,2020,경남,48650.0
특별법범 (건),소계,2020,제주,10467.0
특별법범 (건),소계,2021,전국,613918.0
특별법범 (건),소계,2021,서울,95401.0
특별법범 (건),소계,2021,부산,41935.0
특별법범 (건),소계,2021,대구,27643.0
특별법범 (건),소계,2021,인천,32617.0
특별법범 (건),소계,2021,광주,18660.0
특별법범 (건),소계,2021,대전,14402.0
특별법범 (건),소계,2021,울산,11196.0
특별법범 (건),소계,2021,세종,2223.0
특별법범 (건),소계,2021,경기,161119.0
특별법범 (건),소계,2021,강원,20520.0
특별법범 (건),소계,2021,충북,19685.0
특별법범 (건),소계,2021,충남,29240.0
특별법범 (건),소계,2021,전북,22503.0
특별법범 (건),소계,2021,전남,28873.0
특별법범 (건),소계,2021,경북,33913.0
특별법범 (건),소계,2021,경남,44725.0
특별법범 (건),소계,2021,제주,9263.0
특별법범 (건),소계,2022,전국,571124.0
특별법범 (건),소계,2022,서울,90258.0
특별법범 (건),소계,2022,부산,40773.0
특별법범 (건),소계,2022,대구,24551.0
특별법범 (건),소계,2022,인천,33307.0
특별법범 (건),소계,2022,광주,16346.0
특별법범 (건),소계,2022,대전,12670.0
특별법범 (건),소계,2022,울산,8420.0
특별법범 (건),소계,2022,세종,2224.0
특별법범 (건),소계,2022,경기,147058.0
특별법범 (건),소계,2022,강원,18248.0
특별법범 (건),소계,2022,충북,17238.0
특별법범 (건),소계,2022,충남,28267.0
특별법범 (건),소계,2022,전북,21473.0
특별법범 (건),소계,2022,전남,28890.0
특별법범 (건),소계,2022,경북,30607.0
특별법범 (건),소계,2022,경남,42365.0
특별법범 (건),소계,2022,제주,8429.0
