행정구역별,시점,거주외국인별1,거주외국인별2,합계,남자,여자
전국,2015,총인구 (명),소계,51069375,-,-
전국,2015,합계 (명),소계,1711013,921006,790007
전국,2015,한국국적을 가지지 않은 자 (명),소계,1363712,788663,575049
전국,2015,한국국적을 가지지 않은 자 (명),외국인근로자,573378,430361,143017
전국,2015,한국국적을 가지지 않은 자 (명),결혼이민자,144912,25263,119649
전국,2015,한국국적을 가지지 않은 자 (명),유학생,82181,36617,45564
전국,2015,한국국적을 가지지 않은 자 (명),외국국적동포,216213,108011,108202
전국,2015,한국국적을 가지지 않은 자 (명),기타외국인,347028,188411,158617
전국,2015,한국국적을 취득한 자 (명),소계,149751,31389,118362
전국,2015,한국국적을 취득한 자 (명),혼인귀화자,93249,10308,82941
전국,2015,한국국적을 취득한 자 (명),기타사유,56502,21081,35421
전국,2015,외국인주민자녀(출생) (명),소계,197550,100954,96596
전국,2015,외국인주민자녀(출생) (명),외국인 부모,6001,3109,2892
전국,2015,외국인주민자녀(출생) (명),외국인-한국인부모,183181,93431,89750
전국,2015,외국인주민자녀(출생) (명),한국인 부모,8368,4414,3954
전국,2015,외국인주민 세대수 (세대),소계,299241,-,-
전국,2016,총인구 (명),소계,51269554,-,-
전국,2016,합계 (명),소계,1764664,946561,818103
전국,2016,한국국적을 가지지 않은 자 (명),소계,1413758,815467,598291
전국,2016,한국국적을 가지지 않은 자 (명),외국인근로자,541673,416357,125316
전국,2016,한국국적을 가지지 않은 자 (명),결혼이민자,159501,28728,130773
전국,2016,한국국적을 가지지 않은 자 (명),유학생,95963,41861,54102
전국,2016,한국국적을 가지지 않은 자 (명),외국국적동포,235926,119263,116663
전국,2016,한국국적을 가지지 않은 자 (명),기타외국인,380695,209258,171437
전국,2016,한국국적을 취득한 자 (명),소계,159447,32816,126631
전국,2016,외국인주민자녀(출생) (명),소계,191459,98278,93181
전국,2017,총인구 (명),소계,51422507,-,-
전국,2017,합계 (명),소계,1861084,989286,871798
전국,2017,한국국적을 가지지 않은 자 (명),소계,1479247,845663,633584
전국,2017,한국국적을 가지지 않은 자 (명),외국인근로자,495792,387579,108213
전국,2017,한국국적을 가지지 않은 자 (명),결혼이민자,160653,30745,129908
전국,2017,한국국적을 가지지 않은 자 (명),유학생,117127,52258,64869
전국,2017,한국국적을 가지지 않은 자 (명),외국국적동포,276750,138002,138748
전국,2017,한국국적을 가지지 않은 자 (명),기타외국인,428925,237079,191846
전국,2017,한국국적을 취득한 자 (명),소계,169535,34762,134773
전국,2017,외국인주민자녀(출생) (명),소계,212302,108861,103441
전국,2018,총인구 (명),소계,51629512,25877195,25752317
전국,2018,합계 (명),소계,2054621,1098135,956486
전국,2018,한국국적을 가지지 않은 자 (명),소계,1651561,945641,705920
전국,2018,한국국적을 가지지 않은 자 (명),외국인근로자,528063,411036,117027
전국,2018,한국국적을 가지지 않은 자 (명),결혼이민자,166882,32858,134024
전국,2018,한국국적을 가지지 않은 자 (명),유학생,142757,66545,76212
전국,2018,한국국적을 가지지 않은 자 (명),외국국적동포,296023,147461,148562
전국,2018,한국국적을 가지지 않은 자 (명),기타외국인,517836,287741,230095
전국,2018,한국국적을 취득한 자 (명),소계,176915,36657,140258
전국,2018,외국인주민자녀(출생) (명),소계,226145,115837,110308
전국,2019,총인구 (명),소계,51779203,25952070,25827133
전국,2019,합계 (명),소계,2216612,1184176,1032436
전국,2019,한국국적을 가지지 않은 자 (명),소계,1778918,1017408,761510
전국,2019,한국국적을 가지지 않은 자 (명),외국인근로자,515051,403330,111721
전국,2019,한국국적을 가지지 않은 자 (명),결혼이민자,173882,34628,139254
전국,2019,한국국적을 가지지 않은 자 (명),유학생,160610,76048,84562
전국,2019,한국국적을 가지지 않은 자 (명),외국국적동포,303245,150687,152558
전국,2019,한국국적을 가지지 않은 자 (명),기타외국인,626130,352715,273415
전국,2019,한국국적을 취득한 자 (명),소계,185728,37684,148044
전국,2019,외국인주민자녀(출생) (명),소계,251966,129084,122882
전국,2020,총인구 (명),소계,51829136,25915207,25913929
전국,2020,합계 (명),소계,2156417,1117399,1039018
전국,2020,한국국적을 가지지 않은 자 (명),소계,1695643,942619,753024
전국,2020,한국국적을 가지지 않은 자 (명),외국인근로자,455287,358842,96445
전국,2020,한국국적을 가지지 않은 자 (명),결혼이민자,173756,35679,138077
전국,2020,한국국적을 가지지 않은 자 (명),유학생,142569,69837,72732
전국,2020,한국국적을 가지지 않은 자 (명),외국국적동포,345110,171546,173564
전국,2020,한국국적을 가지지 않은 자 (명),기타외국인,578921,306715,272206
전국,2020,한국국적을 취득한 자 (명),소계,199128,40876,158252
전국,2020,외국인주민자녀(출생) (명),소계,261646,133904,127742
전국,2021,총인구 (명),소계,51738071,25850044,25888027
전국,2021,합계 (명),소계,2134569,1090073,1044496
전국,2021,한국국적을 가지지 않은 자 (명),소계,1649967,906507,743460
전국,2021,한국국적을 가지지 않은 자 (명),외국인근로자,395175,311651,83524
전국,2021,한국국적을 가지지 않은 자 (명),결혼이민자,174632,36820,137812
전국,2021,한국국적을 가지지 않은 자 (명),유학생,156607,74048,82559
전국,2021,한국국적을 가지지 않은 자 (명),외국국적동포,368581,190232,178349
전국,2021,한국국적을 가지지 않은 자 (명),기타외국인,554972,293756,261216
전국,2021,한국국적을 취득한 자 (명),소계,210880,43467,167413
전국,2021,외국인주민자녀(출생) (명),소계,273722,140099,133623
전국,2022,총인구 (명),소계,51692272,25835298,25856974
전국,2022,합계 (명),소계,2258248,1159287,1098961
전국,2022,한국국적을 가지지 않은 자 (명),소계,1752346,968784,783562
전국,2022,한국국적을 가지지 않은 자 (명),외국인근로자,403139,323442,79697
전국,2022,한국국적을 가지지 않은 자 (명),결혼이민자,175756,39174,136582
전국,2022,한국국적을 가지지 않은 자 (명),유학생,189397,86309,103088
전국,2022,한국국적을 가지지 않은 자 (명),외국국적동포,397581,207432,190149
전국,2022,한국국적을 가지지 않은 자 (명),기타외국인,586473,312427,274046
전국,2022,한국국적을 취득한 자 (명),소계,223825,46193,177632
전국,2022,외국인주민자녀(출생) (명),소계,282077,144310,137767
서울,2015,총인구 (명),소계,9904312,-,-
서울,2015,합계 (명),소계,408083,193128,214955
서울,2015,한국국적을 가지지 않은 자 (명),소계,337116,165218,171898
서울,2015,한국국적을 가지지 않은 자 (명),외국인근로자,102081,59656,42425
서울,2015,한국국적을 가지지 않은 자 (명),결혼이민자,27573,7908,19665
서울,2015,한국국적을 가지지 않은 자 (명),유학생,31129,11316,19813
서울,2015,한국국적을 가지지 않은 자 (명),외국국적동포,80707,35877,44830
서울,2015,한국국적을 가지지 않은 자 (명),기타외국인,95626,50461,45165
서울,2015,한국국적을 취득한 자 (명),소계,40520,12574,27946
서울,2015,한국국적을 취득한 자 (명),혼인귀화자,20439,4197,16242
서울,2015,한국국적을 취득한 자 (명),기타사유,20081,8377,11704
서울,2015,외국인주민자녀(출생) (명),소계,30447,15336,15111
서울,2015,외국인주민자녀(출생) (명),외국인 부모,1963,1039,924
서울,2015,외국인주민자녀(출생) (명),외국인-한국인부모,27068,13553,13515
서울,2015,외국인주민자녀(출생) (명),한국인 부모,1416,744,672
서울,2015,외국인주민 세대수 (세대),소계,64013,-,-
서울,2016,총인구 (명),소계,9805506,-,-
서울,2016,합계 (명),소계,404037,189361,214676
서울,2016,한국국적을 가지지 않은 자 (명),소계,335167,162741,172426
서울,2016,한국국적을 가지지 않은 자 (명),외국인근로자,85878,51724,34154
서울,2016,한국국적을 가지지 않은 자 (명),결혼이민자,33139,9524,23615
서울,2016,한국국적을 가지지 않은 자 (명),유학생,37178,13049,24129
서울,2016,한국국적을 가지지 않은 자 (명),외국국적동포,80712,36109,44603
서울,2016,한국국적을 가지지 않은 자 (명),기타외국인,98260,52335,45925
서울,2016,한국국적을 취득한 자 (명),소계,40775,12411,28364
서울,2016,외국인주민자녀(출생) (명),소계,28095,14209,13886
서울,2017,총인구 (명),소계,9741871,-,-
서울,2017,합계 (명),소계,413943,192250,221693
서울,2017,한국국적을 가지지 않은 자 (명),소계,343927,165249,178678
서울,2017,한국국적을 가지지 않은 자 (명),외국인근로자,70077,43365,26712
서울,2017,한국국적을 가지지 않은 자 (명),결혼이민자,32061,9768,22293
서울,2017,한국국적을 가지지 않은 자 (명),유학생,44150,15142,29008
서울,2017,한국국적을 가지지 않은 자 (명),외국국적동포,92060,40974,51086
서울,2017,한국국적을 가지지 않은 자 (명),기타외국인,105579,56000,49579
서울,2017,한국국적을 취득한 자 (명),소계,41692,12722,28970
서울,2017,외국인주민자녀(출생) (명),소계,28324,14279,14045
서울,2018,총인구 (명),소계,9673936,4718972,4954964
서울,2018,합계 (명),소계,446473,210415,236058
서울,2018,한국국적을 가지지 않은 자 (명),소계,374425,182420,192005
서울,2018,한국국적을 가지지 않은 자 (명),외국인근로자,80567,50594,29973
서울,2018,한국국적을 가지지 않은 자 (명),결혼이민자,32677,9937,22740
서울,2018,한국국적을 가지지 않은 자 (명),유학생,50488,17676,32812
서울,2018,한국국적을 가지지 않은 자 (명),외국국적동포,93067,41613,51454
서울,2018,한국국적을 가지지 않은 자 (명),기타외국인,117626,62600,55026
서울,2018,한국국적을 취득한 자 (명),소계,42040,12854,29186
서울,2018,외국인주민자녀(출생) (명),소계,30008,15141,14867
서울,2019,총인구 (명),소계,9639541,4690440,4949101
서울,2019,합계 (명),소계,465885,219371,246514
서울,2019,한국국적을 가지지 않은 자 (명),소계,390177,189562,200615
서울,2019,한국국적을 가지지 않은 자 (명),외국인근로자,75322,47148,28174
서울,2019,한국국적을 가지지 않은 자 (명),결혼이민자,33281,10032,23249
서울,2019,한국국적을 가지지 않은 자 (명),유학생,54647,18889,35758
서울,2019,한국국적을 가지지 않은 자 (명),외국국적동포,91166,40677,50489
서울,2019,한국국적을 가지지 않은 자 (명),기타외국인,135761,72816,62945
서울,2019,한국국적을 취득한 자 (명),소계,42208,12800,29408
서울,2019,외국인주민자녀(출생) (명),소계,33500,17009,16491
서울,2020,총인구 (명),소계,9586195,4647733,4938462
서울,2020,합계 (명),소계,444443,203958,240485
서울,2020,한국국적을 가지지 않은 자 (명),소계,366454,173390,193064
서울,2020,한국국적을 가지지 않은 자 (명),외국인근로자,63526,39676,23850
서울,2020,한국국적을 가지지 않은 자 (명),결혼이민자,31661,10071,21590
서울,2020,한국국적을 가지지 않은 자 (명),유학생,46925,16987,29938
서울,2020,한국국적을 가지지 않은 자 (명),외국국적동포,102828,47211,55617
서울,2020,한국국적을 가지지 않은 자 (명),기타외국인,121514,59445,62069
서울,2020,한국국적을 취득한 자 (명),소계,43769,13199,30570
서울,2020,외국인주민자녀(출생) (명),소계,34220,17369,16851
서울,2021,총인구 (명),소계,9472127,4584251,4887876
서울,2021,합계 (명),소계,426743,193715,233028
서울,2021,한국국적을 가지지 않은 자 (명),소계,347080,162564,184516
서울,2021,한국국적을 가지지 않은 자 (명),외국인근로자,49668,29786,19882
서울,2021,한국국적을 가지지 않은 자 (명),결혼이민자,31098,10071,21027
서울,2021,한국국적을 가지지 않은 자 (명),유학생,51854,17795,34059
서울,2021,한국국적을 가지지 않은 자 (명),외국국적동포,103128,50382,52746
서울,2021,한국국적을 가지지 않은 자 (명),기타외국인,111332,54530,56802
서울,2021,한국국적을 취득한 자 (명),소계,44768,13418,31350
서울,2021,외국인주민자녀(출생) (명),소계,34895,17733,17162
서울,2022,총인구 (명),소계,9417469,4547051,4870418
서울,2022,합계 (명),소계,442289,197004,245285
서울,2022,한국국적을 가지지 않은 자 (명),소계,360947,165249,195698
서울,2022,한국국적을 가지지 않은 자 (명),외국인근로자,43667,25591,18076
서울,2022,한국국적을 가지지 않은 자 (명),결혼이민자,31777,10455,21322
서울,2022,한국국적을 가지지 않은 자 (명),유학생,66975,21609,45366
서울,2022,한국국적을 가지지 않은 자 (명),외국국적동포,105356,52678,52678
서울,2022,한국국적을 가지지 않은 자 (명),기타외국인,113172,54916,58256
서울,2022,한국국적을 취득한 자 (명),소계,45792,13693,32099
서울,2022,외국인주민자녀(출생) (명),소계,35550,18062,17488
부산,2015,총인구 (명),소계,3448737,-,-
부산,2015,합계 (명),소계,58080,31275,26805
부산,2015,한국국적을 가지지 않은 자 (명),소계,44070,26008,18062
부산,2015,한국국적을 가지지 않은 자 (명),외국인근로자,16424,14241,2183
부산,2015,한국국적을 가지지 않은 자 (명),결혼이민자,6527,986,5541
부산,2015,한국국적을 가지지 않은 자 (명),유학생,6163,2780,3383
부산,2015,한국국적을 가지지 않은 자 (명),외국국적동포,3688,1748,1940
부산,2015,한국국적을 가지지 않은 자 (명),기타외국인,11268,6253,5015
부산,2015,한국국적을 취득한 자 (명),소계,4853,583,4270
부산,2015,한국국적을 취득한 자 (명),혼인귀화자,3443,150,3293
부산,2015,한국국적을 취득한 자 (명),기타사유,1410,433,977
부산,2015,외국인주민자녀(출생) (명),소계,9157,4684,4473
부산,2015,외국인주민자녀(출생) (명),외국인 부모,91,39,52
부산,2015,외국인주민자녀(출생) (명),외국인-한국인부모,8640,4408,4232
부산,2015,외국인주민자녀(출생) (명),한국인 부모,426,237,189
부산,2015,외국인주민 세대수 (세대),소계,12826,-,-
부산,2016,총인구 (명),소계,3440484,-,-
부산,2016,합계 (명),소계,59872,31901,27971
부산,2016,한국국적을 가지지 않은 자 (명),소계,46168,26920,19248
부산,2016,한국국적을 가지지 않은 자 (명),외국인근로자,15934,14028,1906
부산,2016,한국국적을 가지지 않은 자 (명),결혼이민자,6672,984,5688
부산,2016,한국국적을 가지지 않은 자 (명),유학생,7346,3203,4143
부산,2016,한국국적을 가지지 않은 자 (명),외국국적동포,3644,1773,1871
부산,2016,한국국적을 가지지 않은 자 (명),기타외국인,12572,6932,5640
부산,2016,한국국적을 취득한 자 (명),소계,5181,614,4567
부산,2016,외국인주민자녀(출생) (명),소계,8523,4367,4156
부산,2017,총인구 (명),소계,3416918,-,-
부산,2017,합계 (명),소계,64145,33841,30304
부산,2017,한국국적을 가지지 않은 자 (명),소계,48808,28130,20678
부산,2017,한국국적을 가지지 않은 자 (명),외국인근로자,14901,13245,1656
부산,2017,한국국적을 가지지 않은 자 (명),결혼이민자,6841,1096,5745
부산,2017,한국국적을 가지지 않은 자 (명),유학생,9071,4202,4869
부산,2017,한국국적을 가지지 않은 자 (명),외국국적동포,3961,1889,2072
부산,2017,한국국적을 가지지 않은 자 (명),기타외국인,14034,7698,6336
부산,2017,한국국적을 취득한 자 (명),소계,5496,657,4839
부산,2017,외국인주민자녀(출생) (명),소계,9841,5054,4787
부산,2018,총인구 (명),소계,3395278,1668984,1726294
부산,2018,합계 (명),소계,71570,37623,33947
부산,2018,한국국적을 가지지 않은 자 (명),소계,55506,31621,23885
부산,2018,한국국적을 가지지 않은 자 (명),외국인근로자,14779,13012,1767
부산,2018,한국국적을 가지지 않은 자 (명),결혼이민자,6949,1108,5841
부산,2018,한국국적을 가지지 않은 자 (명),유학생,11370,5549,5821
부산,2018,한국국적을 가지지 않은 자 (명),외국국적동포,3911,1836,2075
부산,2018,한국국적을 가지지 않은 자 (명),기타외국인,18497,10116,8381
부산,2018,한국국적을 취득한 자 (명),소계,5671,694,4977
부산,2018,외국인주민자녀(출생) (명),소계,10393,5308,5085
부산,2019,총인구 (명),소계,3372692,1655566,1717126
부산,2019,합계 (명),소계,77968,40549,37419
부산,2019,한국국적을 가지지 않은 자 (명),소계,60502,34021,26481
부산,2019,한국국적을 가지지 않은 자 (명),외국인근로자,13855,12230,1625
부산,2019,한국국적을 가지지 않은 자 (명),결혼이민자,7257,1188,6069
부산,2019,한국국적을 가지지 않은 자 (명),유학생,12475,6075,6400
부산,2019,한국국적을 가지지 않은 자 (명),외국국적동포,3815,1804,2011
부산,2019,한국국적을 가지지 않은 자 (명),기타외국인,23100,12724,10376
부산,2019,한국국적을 취득한 자 (명),소계,5998,701,5297
부산,2019,외국인주민자녀(출생) (명),소계,11468,5827,5641
부산,2020,총인구 (명),소계,3349016,1638751,1710265
부산,2020,합계 (명),소계,73185,36641,36544
부산,2020,한국국적을 가지지 않은 자 (명),소계,54914,29874,25040
부산,2020,한국국적을 가지지 않은 자 (명),외국인근로자,12711,11218,1493
부산,2020,한국국적을 가지지 않은 자 (명),결혼이민자,7365,1307,6058
부산,2020,한국국적을 가지지 않은 자 (명),유학생,10547,5298,5249
부산,2020,한국국적을 가지지 않은 자 (명),외국국적동포,4197,1949,2248
부산,2020,한국국적을 가지지 않은 자 (명),기타외국인,20094,10102,9992
부산,2020,한국국적을 취득한 자 (명),소계,6422,769,5653
부산,2020,외국인주민자녀(출생) (명),소계,11849,5998,5851
부산,2021,총인구 (명),소계,3324335,1624745,1699590
부산,2021,합계 (명),소계,72361,35686,36675
부산,2021,한국국적을 가지지 않은 자 (명),소계,53334,28658,24676
부산,2021,한국국적을 가지지 않은 자 (명),외국인근로자,11811,10408,1403
부산,2021,한국국적을 가지지 않은 자 (명),결혼이민자,7340,1354,5986
부산,2021,한국국적을 가지지 않은 자 (명),유학생,11317,5475,5842
부산,2021,한국국적을 가지지 않은 자 (명),외국국적동포,4219,2001,2218
부산,2021,한국국적을 가지지 않은 자 (명),기타외국인,18647,9420,9227
부산,2021,한국국적을 취득한 자 (명),소계,6700,798,5902
부산,2021,외국인주민자녀(출생) (명),소계,12327,6230,6097
부산,2022,총인구 (명),소계,3295760,1608947,1686813
부산,2022,합계 (명),소계,75687,37564,38123
부산,2022,한국국적을 가지지 않은 자 (명),소계,55973,30326,25647
부산,2022,한국국적을 가지지 않은 자 (명),외국인근로자,12420,11007,1413
부산,2022,한국국적을 가지지 않은 자 (명),결혼이민자,7204,1438,5766
부산,2022,한국국적을 가지지 않은 자 (명),유학생,12579,6032,6547
부산,2022,한국국적을 가지지 않은 자 (명),외국국적동포,4359,2054,2305
부산,2022,한국국적을 가지지 않은 자 (명),기타외국인,19411,9795,9616
부산,2022,한국국적을 취득한 자 (명),소계,7061,850,6211
부산,2022,외국인주민자녀(출생) (명),소계,12653,6388,6265
대구,2015,총인구 (명),소계,2466052,-,-
대구,2015,합계 (명),소계,38899,20816,18083
대구,2015,한국국적을 가지지 않은 자 (명),소계,29282,17292,11990
대구,2015,한국국적을 가지지 않은 자 (명),외국인근로자,11701,9454,2247
대구,2015,한국국적을 가지지 않은 자 (명),결혼이민자,4549,645,3904
대구,2015,한국국적을 가지지 않은 자 (명),유학생,2852,1455,1397
대구,2015,한국국적을 가지지 않은 자 (명),외국국적동포,2330,1217,1113
대구,2015,한국국적을 가지지 않은 자 (명),기타외국인,7850,4521,3329
대구,2015,한국국적을 취득한 자 (명),소계,3194,333,2861
대구,2015,한국국적을 취득한 자 (명),혼인귀화자,2352,105,2247
대구,2015,한국국적을 취득한 자 (명),기타사유,842,228,614
대구,2015,외국인주민자녀(출생) (명),소계,6423,3191,3232
대구,2015,외국인주민자녀(출생) (명),외국인 부모,68,38,30
대구,2015,외국인주민자녀(출생) (명),외국인-한국인부모,6084,3003,3081
대구,2015,외국인주민자녀(출생) (명),한국인 부모,271,150,121
대구,2015,외국인주민 세대수 (세대),소계,8560,-,-
대구,2016,총인구 (명),소계,2461002,-,-
대구,2016,합계 (명),소계,40251,21407,18844
대구,2016,한국국적을 가지지 않은 자 (명),소계,30492,17948,12544
대구,2016,한국국적을 가지지 않은 자 (명),외국인근로자,11181,9162,2019
대구,2016,한국국적을 가지지 않은 자 (명),결혼이민자,4793,694,4099
대구,2016,한국국적을 가지지 않은 자 (명),유학생,2844,1515,1329
대구,2016,한국국적을 가지지 않은 자 (명),외국국적동포,2637,1401,1236
대구,2016,한국국적을 가지지 않은 자 (명),기타외국인,9037,5176,3861
대구,2016,한국국적을 취득한 자 (명),소계,3610,388,3222
대구,2016,외국인주민자녀(출생) (명),소계,6149,3071,3078
대구,2017,총인구 (명),소계,2453041,-,-
대구,2017,합계 (명),소계,42506,22137,20369
대구,2017,한국국적을 가지지 않은 자 (명),소계,31365,18112,13253
대구,2017,한국국적을 가지지 않은 자 (명),외국인근로자,10219,8462,1757
대구,2017,한국국적을 가지지 않은 자 (명),결혼이민자,4943,759,4184
대구,2017,한국국적을 가지지 않은 자 (명),유학생,3240,1722,1518
대구,2017,한국국적을 가지지 않은 자 (명),외국국적동포,2986,1594,1392
대구,2017,한국국적을 가지지 않은 자 (명),기타외국인,9977,5575,4402
대구,2017,한국국적을 취득한 자 (명),소계,3872,419,3453
대구,2017,외국인주민자녀(출생) (명),소계,7269,3606,3663
대구,2018,총인구 (명),소계,2444412,1212777,1231635
대구,2018,합계 (명),소계,47017,24117,22900
대구,2018,한국국적을 가지지 않은 자 (명),소계,35280,19839,15441
대구,2018,한국국적을 가지지 않은 자 (명),외국인근로자,9718,8050,1668
대구,2018,한국국적을 가지지 않은 자 (명),결혼이민자,5154,799,4355
대구,2018,한국국적을 가지지 않은 자 (명),유학생,4248,2230,2018
대구,2018,한국국적을 가지지 않은 자 (명),외국국적동포,3172,1688,1484
대구,2018,한국국적을 가지지 않은 자 (명),기타외국인,12988,7072,5916
대구,2018,한국국적을 취득한 자 (명),소계,4022,438,3584
대구,2018,외국인주민자녀(출생) (명),소계,7715,3840,3875
대구,2019,총인구 (명),소계,2429940,1203754,1226186
대구,2019,합계 (명),소계,53023,26942,26081
대구,2019,한국국적을 가지지 않은 자 (명),소계,40092,22181,17911
대구,2019,한국국적을 가지지 않은 자 (명),외국인근로자,9358,7760,1598
대구,2019,한국국적을 가지지 않은 자 (명),결혼이민자,5382,869,4513
대구,2019,한국국적을 가지지 않은 자 (명),유학생,5960,3166,2794
대구,2019,한국국적을 가지지 않은 자 (명),외국국적동포,3212,1654,1558
대구,2019,한국국적을 가지지 않은 자 (명),기타외국인,16180,8732,7448
대구,2019,한국국적을 취득한 자 (명),소계,4330,449,3881
대구,2019,외국인주민자녀(출생) (명),소계,8601,4312,4289
대구,2020,총인구 (명),소계,2410700,1190271,1220429
대구,2020,합계 (명),소계,50900,24577,26323
대구,2020,한국국적을 가지지 않은 자 (명),소계,37398,19646,17752
대구,2020,한국국적을 가지지 않은 자 (명),외국인근로자,8026,6702,1324
대구,2020,한국국적을 가지지 않은 자 (명),결혼이민자,5474,913,4561
대구,2020,한국국적을 가지지 않은 자 (명),유학생,6128,3275,2853
대구,2020,한국국적을 가지지 않은 자 (명),외국국적동포,3380,1646,1734
대구,2020,한국국적을 가지지 않은 자 (명),기타외국인,14390,7110,7280
대구,2020,한국국적을 취득한 자 (명),소계,4669,482,4187
대구,2020,외국인주민자녀(출생) (명),소계,8833,4449,4384
대구,2021,총인구 (명),소계,2387911,1177420,1210491
대구,2021,합계 (명),소계,51140,24267,26873
대구,2021,한국국적을 가지지 않은 자 (명),소계,36956,19070,17886
대구,2021,한국국적을 가지지 않은 자 (명),외국인근로자,7273,6000,1273
대구,2021,한국국적을 가지지 않은 자 (명),결혼이민자,5421,919,4502
대구,2021,한국국적을 가지지 않은 자 (명),유학생,6968,3594,3374
대구,2021,한국국적을 가지지 않은 자 (명),외국국적동포,3490,1765,1725
대구,2021,한국국적을 가지지 않은 자 (명),기타외국인,13804,6792,7012
대구,2021,한국국적을 취득한 자 (명),소계,4902,495,4407
대구,2021,외국인주민자녀(출생) (명),소계,9282,4702,4580
대구,2022,총인구 (명),소계,2366852,1165698,1201154
대구,2022,합계 (명),소계,53684,25651,28033
대구,2022,한국국적을 가지지 않은 자 (명),소계,38849,20236,18613
대구,2022,한국국적을 가지지 않은 자 (명),외국인근로자,7444,6215,1229
대구,2022,한국국적을 가지지 않은 자 (명),결혼이민자,5411,998,4413
대구,2022,한국국적을 가지지 않은 자 (명),유학생,7555,3814,3741
대구,2022,한국국적을 가지지 않은 자 (명),외국국적동포,3812,1924,1888
대구,2022,한국국적을 가지지 않은 자 (명),기타외국인,14627,7285,7342
대구,2022,한국국적을 취득한 자 (명),소계,5249,558,4691
대구,2022,외국인주민자녀(출생) (명),소계,9586,4857,4729
인천,2015,총인구 (명),소계,2890451,-,-
인천,2015,합계 (명),소계,89515,48571,40944
인천,2015,한국국적을 가지지 않은 자 (명),소계,67850,40224,27626
인천,2015,한국국적을 가지지 않은 자 (명),외국인근로자,27507,21845,5662
인천,2015,한국국적을 가지지 않은 자 (명),결혼이민자,8732,1754,6978
인천,2015,한국국적을 가지지 않은 자 (명),유학생,2423,1026,1397
인천,2015,한국국적을 가지지 않은 자 (명),외국국적동포,9888,4871,5017
인천,2015,한국국적을 가지지 않은 자 (명),기타외국인,19300,10728,8572
인천,2015,한국국적을 취득한 자 (명),소계,9820,2259,7561
인천,2015,한국국적을 취득한 자 (명),혼인귀화자,5901,736,5165
인천,2015,한국국적을 취득한 자 (명),기타사유,3919,1523,2396
인천,2015,외국인주민자녀(출생) (명),소계,11845,6088,5757
인천,2015,외국인주민자녀(출생) (명),외국인 부모,540,284,256
인천,2015,외국인주민자녀(출생) (명),외국인-한국인부모,10822,5544,5278
인천,2015,외국인주민자녀(출생) (명),한국인 부모,483,260,223
인천,2015,외국인주민 세대수 (세대),소계,18394,-,-
인천,2016,총인구 (명),소계,2913024,-,-
인천,2016,합계 (명),소계,94670,50587,44083
인천,2016,한국국적을 가지지 않은 자 (명),소계,71873,41959,29914
인천,2016,한국국적을 가지지 않은 자 (명),외국인근로자,25628,20723,4905
인천,2016,한국국적을 가지지 않은 자 (명),결혼이민자,9873,2031,7842
인천,2016,한국국적을 가지지 않은 자 (명),유학생,2702,1111,1591
인천,2016,한국국적을 가지지 않은 자 (명),외국국적동포,11881,5829,6052
인천,2016,한국국적을 가지지 않은 자 (명),기타외국인,21789,12265,9524
인천,2016,한국국적을 취득한 자 (명),소계,11115,2615,8500
인천,2016,외국인주민자녀(출생) (명),소계,11682,6013,5669
인천,2017,총인구 (명),소계,2925967,-,-
인천,2017,합계 (명),소계,104441,55363,49078
인천,2017,한국국적을 가지지 않은 자 (명),소계,79170,45773,33397
인천,2017,한국국적을 가지지 않은 자 (명),외국인근로자,23783,19393,4390
인천,2017,한국국적을 가지지 않은 자 (명),결혼이민자,10143,2268,7875
인천,2017,한국국적을 가지지 않은 자 (명),유학생,3268,1467,1801
인천,2017,한국국적을 가지지 않은 자 (명),외국국적동포,14829,7053,7776
인천,2017,한국국적을 가지지 않은 자 (명),기타외국인,27147,15592,11555
인천,2017,한국국적을 취득한 자 (명),소계,12483,3038,9445
인천,2017,외국인주민자녀(출생) (명),소계,12788,6552,6236
인천,2018,총인구 (명),소계,2936117,1476097,1460020
인천,2018,합계 (명),소계,115720,61181,54539
인천,2018,한국국적을 가지지 않은 자 (명),소계,88489,50742,37747
인천,2018,한국국적을 가지지 않은 자 (명),외국인근로자,25539,20632,4907
인천,2018,한국국적을 가지지 않은 자 (명),결혼이민자,10875,2498,8377
인천,2018,한국국적을 가지지 않은 자 (명),유학생,3978,1835,2143
인천,2018,한국국적을 가지지 않은 자 (명),외국국적동포,17295,8205,9090
인천,2018,한국국적을 가지지 않은 자 (명),기타외국인,30802,17572,13230
인천,2018,한국국적을 취득한 자 (명),소계,13560,3414,10146
인천,2018,외국인주민자녀(출생) (명),소계,13671,7025,6646
인천,2019,총인구 (명),소계,2952237,1484528,1467709
인천,2019,합계 (명),소계,130292,68659,61633
인천,2019,한국국적을 가지지 않은 자 (명),소계,100174,56990,43184
인천,2019,한국국적을 가지지 않은 자 (명),외국인근로자,25209,20321,4888
인천,2019,한국국적을 가지지 않은 자 (명),결혼이민자,11545,2710,8835
인천,2019,한국국적을 가지지 않은 자 (명),유학생,6068,3108,2960
인천,2019,한국국적을 가지지 않은 자 (명),외국국적동포,18942,8894,10048
인천,2019,한국국적을 가지지 않은 자 (명),기타외국인,38410,21957,16453
인천,2019,한국국적을 취득한 자 (명),소계,14666,3730,10936
인천,2019,외국인주민자녀(출생) (명),소계,15452,7939,7513
인천,2020,총인구 (명),소계,2945454,1477064,1468390
인천,2020,합계 (명),소계,131396,67146,64250
인천,2020,한국국적을 가지지 않은 자 (명),소계,99212,54688,44524
인천,2020,한국국적을 가지지 않은 자 (명),외국인근로자,22450,18115,4335
인천,2020,한국국적을 가지지 않은 자 (명),결혼이민자,11771,2812,8959
인천,2020,한국국적을 가지지 않은 자 (명),유학생,5177,2683,2494
인천,2020,한국국적을 가지지 않은 자 (명),외국국적동포,22213,10505,11708
인천,2020,한국국적을 가지지 않은 자 (명),기타외국인,37601,20573,17028
인천,2020,한국국적을 취득한 자 (명),소계,16100,4167,11933
인천,2020,외국인주민자녀(출생) (명),소계,16084,8291,7793
인천,2021,총인구 (명),소계,2957044,1482202,1474842
인천,2021,합계 (명),소계,134714,67877,66837
인천,2021,한국국적을 가지지 않은 자 (명),소계,100379,54530,45849
인천,2021,한국국적을 가지지 않은 자 (명),외국인근로자,19718,15929,3789
인천,2021,한국국적을 가지지 않은 자 (명),결혼이민자,12216,2963,9253
인천,2021,한국국적을 가지지 않은 자 (명),유학생,5184,2495,2689
인천,2021,한국국적을 가지지 않은 자 (명),외국국적동포,24953,12152,12801
인천,2021,한국국적을 가지지 않은 자 (명),기타외국인,38308,20991,17317
인천,2021,한국국적을 취득한 자 (명),소계,17363,4584,12779
인천,2021,외국인주민자녀(출생) (명),소계,16972,8763,8209
인천,2022,총인구 (명),소계,2989125,1499105,1490020
인천,2022,합계 (명),소계,146885,74310,72575
인천,2022,한국국적을 가지지 않은 자 (명),소계,110201,60130,50071
인천,2022,한국국적을 가지지 않은 자 (명),외국인근로자,19814,16183,3631
인천,2022,한국국적을 가지지 않은 자 (명),결혼이민자,12664,3260,9404
인천,2022,한국국적을 가지지 않은 자 (명),유학생,6360,3087,3273
인천,2022,한국국적을 가지지 않은 자 (명),외국국적동포,29114,14249,14865
인천,2022,한국국적을 가지지 않은 자 (명),기타외국인,42249,23351,18898
인천,2022,한국국적을 취득한 자 (명),소계,18888,5003,13885
인천,2022,외국인주민자녀(출생) (명),소계,17796,9177,8619
광주,2015,총인구 (명),소계,1502881,-,-
광주,2015,합계 (명),소계,29131,15077,14054
광주,2015,한국국적을 가지지 않은 자 (명),소계,21592,12211,9381
광주,2015,한국국적을 가지지 않은 자 (명),외국인근로자,7445,5954,1491
광주,2015,한국국적을 가지지 않은 자 (명),결혼이민자,3154,344,2810
광주,2015,한국국적을 가지지 않은 자 (명),유학생,3406,1650,1756
광주,2015,한국국적을 가지지 않은 자 (명),외국국적동포,1690,883,807
광주,2015,한국국적을 가지지 않은 자 (명),기타외국인,5897,3380,2517
광주,2015,한국국적을 취득한 자 (명),소계,2449,186,2263
광주,2015,한국국적을 취득한 자 (명),혼인귀화자,1911,51,1860
광주,2015,한국국적을 취득한 자 (명),기타사유,538,135,403
광주,2015,외국인주민자녀(출생) (명),소계,5090,2680,2410
광주,2015,외국인주민자녀(출생) (명),외국인 부모,54,25,29
광주,2015,외국인주민자녀(출생) (명),외국인-한국인부모,4861,2548,2313
광주,2015,외국인주민자녀(출생) (명),한국인 부모,175,107,68
광주,2015,외국인주민 세대수 (세대),소계,6185,-,-
광주,2016,총인구 (명),소계,1501557,-,-
광주,2016,합계 (명),소계,31162,15945,15217
광주,2016,한국국적을 가지지 않은 자 (명),소계,23701,13211,10490
광주,2016,한국국적을 가지지 않은 자 (명),외국인근로자,7538,5997,1541
광주,2016,한국국적을 가지지 않은 자 (명),결혼이민자,3298,361,2937
광주,2016,한국국적을 가지지 않은 자 (명),유학생,3577,1750,1827
광주,2016,한국국적을 가지지 않은 자 (명),외국국적동포,2173,1148,1025
광주,2016,한국국적을 가지지 않은 자 (명),기타외국인,7115,3955,3160
광주,2016,한국국적을 취득한 자 (명),소계,2703,234,2469
광주,2016,외국인주민자녀(출생) (명),소계,4758,2500,2258
광주,2017,총인구 (명),소계,1496172,-,-
광주,2017,합계 (명),소계,34412,17661,16751
광주,2017,한국국적을 가지지 않은 자 (명),소계,26052,14532,11520
광주,2017,한국국적을 가지지 않은 자 (명),외국인근로자,7413,5904,1509
광주,2017,한국국적을 가지지 않은 자 (명),결혼이민자,3372,416,2956
광주,2017,한국국적을 가지지 않은 자 (명),유학생,4271,2205,2066
광주,2017,한국국적을 가지지 않은 자 (명),외국국적동포,2652,1363,1289
광주,2017,한국국적을 가지지 않은 자 (명),기타외국인,8344,4644,3700
광주,2017,한국국적을 취득한 자 (명),소계,2912,239,2673
광주,2017,외국인주민자녀(출생) (명),소계,5448,2890,2558
광주,2018,총인구 (명),소계,1490092,741728,748364
광주,2018,합계 (명),소계,38698,19943,18755
광주,2018,한국국적을 가지지 않은 자 (명),소계,29833,16601,13232
광주,2018,한국국적을 가지지 않은 자 (명),외국인근로자,7515,5981,1534
광주,2018,한국국적을 가지지 않은 자 (명),결혼이민자,3413,456,2957
광주,2018,한국국적을 가지지 않은 자 (명),유학생,5203,2779,2424
광주,2018,한국국적을 가지지 않은 자 (명),외국국적동포,2829,1454,1375
광주,2018,한국국적을 가지지 않은 자 (명),기타외국인,10873,5931,4942
광주,2018,한국국적을 취득한 자 (명),소계,3042,255,2787
광주,2018,외국인주민자녀(출생) (명),소계,5823,3087,2736
광주,2019,총인구 (명),소계,1489730,741287,748443
광주,2019,합계 (명),소계,43053,22007,21046
광주,2019,한국국적을 가지지 않은 자 (명),소계,33286,18348,14938
광주,2019,한국국적을 가지지 않은 자 (명),외국인근로자,7312,5851,1461
광주,2019,한국국적을 가지지 않은 자 (명),결혼이민자,3635,510,3125
광주,2019,한국국적을 가지지 않은 자 (명),유학생,6156,3335,2821
광주,2019,한국국적을 가지지 않은 자 (명),외국국적동포,2944,1526,1418
광주,2019,한국국적을 가지지 않은 자 (명),기타외국인,13239,7126,6113
광주,2019,한국국적을 취득한 자 (명),소계,3297,254,3043
광주,2019,외국인주민자녀(출생) (명),소계,6470,3405,3065
광주,2020,총인구 (명),소계,1477573,734140,743433
광주,2020,합계 (명),소계,40715,20047,20668
광주,2020,한국국적을 가지지 않은 자 (명),소계,30573,16308,14265
광주,2020,한국국적을 가지지 않은 자 (명),외국인근로자,6392,5126,1266
광주,2020,한국국적을 가지지 않은 자 (명),결혼이민자,3723,548,3175
광주,2020,한국국적을 가지지 않은 자 (명),유학생,5576,3071,2505
광주,2020,한국국적을 가지지 않은 자 (명),외국국적동포,3223,1665,1558
광주,2020,한국국적을 가지지 않은 자 (명),기타외국인,11659,5898,5761
광주,2020,한국국적을 취득한 자 (명),소계,3483,285,3198
광주,2020,외국인주민자녀(출생) (명),소계,6659,3454,3205
광주,2021,총인구 (명),소계,1475262,732088,743174
광주,2021,합계 (명),소계,41181,19986,21195
광주,2021,한국국적을 가지지 않은 자 (명),소계,30497,16040,14457
광주,2021,한국국적을 가지지 않은 자 (명),외국인근로자,5498,4525,973
광주,2021,한국국적을 가지지 않은 자 (명),결혼이민자,3709,575,3134
광주,2021,한국국적을 가지지 않은 자 (명),유학생,6184,3266,2918
광주,2021,한국국적을 가지지 않은 자 (명),외국국적동포,4010,2080,1930
광주,2021,한국국적을 가지지 않은 자 (명),기타외국인,11096,5594,5502
광주,2021,한국국적을 취득한 자 (명),소계,3675,295,3380
광주,2021,외국인주민자녀(출생) (명),소계,7009,3651,3358
광주,2022,총인구 (명),소계,1468972,728859,740113
광주,2022,합계 (명),소계,44063,21616,22447
광주,2022,한국국적을 가지지 않은 자 (명),소계,32863,17509,15354
광주,2022,한국국적을 가지지 않은 자 (명),외국인근로자,5723,4771,952
광주,2022,한국국적을 가지지 않은 자 (명),결혼이민자,3695,608,3087
광주,2022,한국국적을 가지지 않은 자 (명),유학생,6462,3400,3062
광주,2022,한국국적을 가지지 않은 자 (명),외국국적동포,4851,2540,2311
광주,2022,한국국적을 가지지 않은 자 (명),기타외국인,12132,6190,5942
광주,2022,한국국적을 취득한 자 (명),소계,3950,326,3624
광주,2022,외국인주민자녀(출생) (명),소계,7250,3781,3469
대전,2015,총인구 (명),소계,1538394,-,-
대전,2015,합계 (명),소계,25886,11566,14320
대전,2015,한국국적을 가지지 않은 자 (명),소계,19080,8933,10147
대전,2015,한국국적을 가지지 않은 자 (명),외국인근로자,3313,2260,1053
대전,2015,한국국적을 가지지 않은 자 (명),결혼이민자,3365,439,2926
대전,2015,한국국적을 가지지 않은 자 (명),유학생,5149,2475,2674
대전,2015,한국국적을 가지지 않은 자 (명),외국국적동포,1758,788,970
대전,2015,한국국적을 가지지 않은 자 (명),기타외국인,5495,2971,2524
대전,2015,한국국적을 취득한 자 (명),소계,2245,274,1971
대전,2015,한국국적을 취득한 자 (명),혼인귀화자,1605,85,1520
대전,2015,한국국적을 취득한 자 (명),기타사유,640,189,451
대전,2015,외국인주민자녀(출생) (명),소계,4561,2359,2202
대전,2015,외국인주민자녀(출생) (명),외국인 부모,28,12,16
대전,2015,외국인주민자녀(출생) (명),외국인-한국인부모,4338,2236,2102
대전,2015,외국인주민자녀(출생) (명),한국인 부모,195,111,84
대전,2015,외국인주민 세대수 (세대),소계,6116,-,-
대전,2016,총인구 (명),소계,1535445,-,-
대전,2016,합계 (명),소계,26656,11817,14839
대전,2016,한국국적을 가지지 않은 자 (명),소계,19687,9222,10465
대전,2016,한국국적을 가지지 않은 자 (명),외국인근로자,3079,2160,919
대전,2016,한국국적을 가지지 않은 자 (명),결혼이민자,3361,422,2939
대전,2016,한국국적을 가지지 않은 자 (명),유학생,5467,2633,2834
대전,2016,한국국적을 가지지 않은 자 (명),외국국적동포,1644,763,881
대전,2016,한국국적을 가지지 않은 자 (명),기타외국인,6136,3244,2892
대전,2016,한국국적을 취득한 자 (명),소계,2538,317,2221
대전,2016,외국인주민자녀(출생) (명),소계,4431,2278,2153
대전,2017,총인구 (명),소계,1525849,-,-
대전,2017,합계 (명),소계,28404,12647,15757
대전,2017,한국국적을 가지지 않은 자 (명),소계,20534,9703,10831
대전,2017,한국국적을 가지지 않은 자 (명),외국인근로자,2826,2006,820
대전,2017,한국국적을 가지지 않은 자 (명),결혼이민자,3346,465,2881
대전,2017,한국국적을 가지지 않은 자 (명),유학생,6003,2955,3048
대전,2017,한국국적을 가지지 않은 자 (명),외국국적동포,1805,839,966
대전,2017,한국국적을 가지지 않은 자 (명),기타외국인,6554,3438,3116
대전,2017,한국국적을 취득한 자 (명),소계,2760,340,2420
대전,2017,외국인주민자녀(출생) (명),소계,5110,2604,2506
대전,2018,총인구 (명),소계,1511214,758035,753179
대전,2018,합계 (명),소계,31100,14053,17047
대전,2018,한국국적을 가지지 않은 자 (명),소계,22858,10959,11899
대전,2018,한국국적을 가지지 않은 자 (명),외국인근로자,2903,2046,857
대전,2018,한국국적을 가지지 않은 자 (명),결혼이민자,3355,496,2859
대전,2018,한국국적을 가지지 않은 자 (명),유학생,6470,3310,3160
대전,2018,한국국적을 가지지 않은 자 (명),외국국적동포,1821,835,986
대전,2018,한국국적을 가지지 않은 자 (명),기타외국인,8309,4272,4037
대전,2018,한국국적을 취득한 자 (명),소계,2877,357,2520
대전,2018,외국인주민자녀(출생) (명),소계,5365,2737,2628
대전,2019,총인구 (명),소계,1498839,751585,747254
대전,2019,합계 (명),소계,34148,15458,18690
대전,2019,한국국적을 가지지 않은 자 (명),소계,25147,12064,13083
대전,2019,한국국적을 가지지 않은 자 (명),외국인근로자,2879,2057,822
대전,2019,한국국적을 가지지 않은 자 (명),결혼이민자,3457,487,2970
대전,2019,한국국적을 가지지 않은 자 (명),유학생,7009,3592,3417
대전,2019,한국국적을 가지지 않은 자 (명),외국국적동포,1798,828,970
대전,2019,한국국적을 가지지 않은 자 (명),기타외국인,10004,5100,4904
대전,2019,한국국적을 취득한 자 (명),소계,3059,374,2685
대전,2019,외국인주민자녀(출생) (명),소계,5942,3020,2922
대전,2020,총인구 (명),소계,1488435,744349,744086
대전,2020,합계 (명),소계,32302,14010,18292
대전,2020,한국국적을 가지지 않은 자 (명),소계,22928,10497,12431
대전,2020,한국국적을 가지지 않은 자 (명),외국인근로자,2838,2062,776
대전,2020,한국국적을 가지지 않은 자 (명),결혼이민자,3538,521,3017
대전,2020,한국국적을 가지지 않은 자 (명),유학생,5807,3079,2728
대전,2020,한국국적을 가지지 않은 자 (명),외국국적동포,2033,933,1100
대전,2020,한국국적을 가지지 않은 자 (명),기타외국인,8712,3902,4810
대전,2020,한국국적을 취득한 자 (명),소계,3228,403,2825
대전,2020,외국인주민자녀(출생) (명),소계,6146,3110,3036
대전,2021,총인구 (명),소계,1479740,740481,739259
대전,2021,합계 (명),소계,33078,14148,18930
대전,2021,한국국적을 가지지 않은 자 (명),소계,23263,10474,12789
대전,2021,한국국적을 가지지 않은 자 (명),외국인근로자,2624,1861,763
대전,2021,한국국적을 가지지 않은 자 (명),결혼이민자,3472,525,2947
대전,2021,한국국적을 가지지 않은 자 (명),유학생,6866,3524,3342
대전,2021,한국국적을 가지지 않은 자 (명),외국국적동포,2075,967,1108
대전,2021,한국국적을 가지지 않은 자 (명),기타외국인,8226,3597,4629
대전,2021,한국국적을 취득한 자 (명),소계,3420,424,2996
대전,2021,외국인주민자녀(출생) (명),소계,6395,3250,3145
대전,2022,총인구 (명),소계,1473662,737127,736535
대전,2022,합계 (명),소계,36435,15816,20619
대전,2022,한국국적을 가지지 않은 자 (명),소계,26283,12032,14251
대전,2022,한국국적을 가지지 않은 자 (명),외국인근로자,2631,1889,742
대전,2022,한국국적을 가지지 않은 자 (명),결혼이민자,3398,544,2854
대전,2022,한국국적을 가지지 않은 자 (명),유학생,9399,4738,4661
대전,2022,한국국적을 가지지 않은 자 (명),외국국적동포,2076,953,1123
대전,2022,한국국적을 가지지 않은 자 (명),기타외국인,8779,3908,4871
대전,2022,한국국적을 취득한 자 (명),소계,3591,451,3140
대전,2022,외국인주민자녀(출생) (명),소계,6561,3333,3228
울산,2015,총인구 (명),소계,1166615,-,-
울산,2015,합계 (명),소계,36953,21954,14999
울산,2015,한국국적을 가지지 않은 자 (명),소계,29860,19321,10539
울산,2015,한국국적을 가지지 않은 자 (명),외국인근로자,13806,11189,2617
울산,2015,한국국적을 가지지 않은 자 (명),결혼이민자,3042,420,2622
울산,2015,한국국적을 가지지 않은 자 (명),유학생,1004,648,356
울산,2015,한국국적을 가지지 않은 자 (명),외국국적동포,4936,3156,1780
울산,2015,한국국적을 가지지 않은 자 (명),기타외국인,7072,3908,3164
울산,2015,한국국적을 취득한 자 (명),소계,2717,398,2319
울산,2015,한국국적을 취득한 자 (명),혼인귀화자,1986,134,1852
울산,2015,한국국적을 취득한 자 (명),기타사유,731,264,467
울산,2015,외국인주민자녀(출생) (명),소계,4376,2235,2141
울산,2015,외국인주민자녀(출생) (명),외국인 부모,84,42,42
울산,2015,외국인주민자녀(출생) (명),외국인-한국인부모,4120,2102,2018
울산,2015,외국인주민자녀(출생) (명),한국인 부모,172,91,81
울산,2015,외국인주민 세대수 (세대),소계,6076,-,-
울산,2016,총인구 (명),소계,1166033,-,-
울산,2016,합계 (명),소계,35929,20768,15161
울산,2016,한국국적을 가지지 않은 자 (명),소계,28792,18160,10632
울산,2016,한국국적을 가지지 않은 자 (명),외국인근로자,11690,9585,2105
울산,2016,한국국적을 가지지 않은 자 (명),결혼이민자,3332,444,2888
울산,2016,한국국적을 가지지 않은 자 (명),유학생,1067,683,384
울산,2016,한국국적을 가지지 않은 자 (명),외국국적동포,5150,3287,1863
울산,2016,한국국적을 가지지 않은 자 (명),기타외국인,7553,4161,3392
울산,2016,한국국적을 취득한 자 (명),소계,2885,429,2456
울산,2016,외국인주민자녀(출생) (명),소계,4252,2179,2073
울산,2017,총인구 (명),소계,1157077,-,-
울산,2017,합계 (명),소계,34373,19260,15113
울산,2017,한국국적을 가지지 않은 자 (명),소계,26601,16354,10247
울산,2017,한국국적을 가지지 않은 자 (명),외국인근로자,9218,7756,1462
울산,2017,한국국적을 가지지 않은 자 (명),결혼이민자,3346,480,2866
울산,2017,한국국적을 가지지 않은 자 (명),유학생,1171,720,451
울산,2017,한국국적을 가지지 않은 자 (명),외국국적동포,5091,3134,1957
울산,2017,한국국적을 가지지 않은 자 (명),기타외국인,7775,4264,3511
울산,2017,한국국적을 취득한 자 (명),소계,2950,421,2529
울산,2017,외국인주민자녀(출생) (명),소계,4822,2485,2337
울산,2018,총인구 (명),소계,1150116,595795,554321
울산,2018,합계 (명),소계,35249,19555,15694
울산,2018,한국국적을 가지지 않은 자 (명),소계,27162,16532,10630
울산,2018,한국국적을 가지지 않은 자 (명),외국인근로자,8818,7339,1479
울산,2018,한국국적을 가지지 않은 자 (명),결혼이민자,3373,512,2861
울산,2018,한국국적을 가지지 않은 자 (명),유학생,1446,943,503
울산,2018,한국국적을 가지지 않은 자 (명),외국국적동포,4948,3040,1908
울산,2018,한국국적을 가지지 않은 자 (명),기타외국인,8577,4698,3879
울산,2018,한국국적을 취득한 자 (명),소계,3038,422,2616
울산,2018,외국인주민자녀(출생) (명),소계,5049,2601,2448
울산,2019,총인구 (명),소계,1143692,591965,551727
울산,2019,합계 (명),소계,37284,20671,16613
울산,2019,한국국적을 가지지 않은 자 (명),소계,28604,17419,11185
울산,2019,한국국적을 가지지 않은 자 (명),외국인근로자,8338,7085,1253
울산,2019,한국국적을 가지지 않은 자 (명),결혼이민자,3503,545,2958
울산,2019,한국국적을 가지지 않은 자 (명),유학생,1704,1154,550
울산,2019,한국국적을 가지지 않은 자 (명),외국국적동포,4830,2931,1899
울산,2019,한국국적을 가지지 않은 자 (명),기타외국인,10229,5704,4525
울산,2019,한국국적을 취득한 자 (명),소계,3145,419,2726
울산,2019,외국인주민자녀(출생) (명),소계,5535,2833,2702
울산,2020,총인구 (명),소계,1135423,585978,549445
울산,2020,합계 (명),소계,35996,19235,16761
울산,2020,한국국적을 가지지 않은 자 (명),소계,26895,15847,11048
울산,2020,한국국적을 가지지 않은 자 (명),외국인근로자,6997,5970,1027
울산,2020,한국국적을 가지지 않은 자 (명),결혼이민자,3461,548,2913
울산,2020,한국국적을 가지지 않은 자 (명),유학생,1662,1137,525
울산,2020,한국국적을 가지지 않은 자 (명),외국국적동포,5282,3148,2134
울산,2020,한국국적을 가지지 않은 자 (명),기타외국인,9493,5044,4449
울산,2020,한국국적을 취득한 자 (명),소계,3382,461,2921
울산,2020,외국인주민자녀(출생) (명),소계,5719,2927,2792
울산,2021,총인구 (명),소계,1120753,578207,542546
울산,2021,합계 (명),소계,34800,18302,16498
울산,2021,한국국적을 가지지 않은 자 (명),소계,25388,14779,10609
울산,2021,한국국적을 가지지 않은 자 (명),외국인근로자,6041,5204,837
울산,2021,한국국적을 가지지 않은 자 (명),결혼이민자,3394,542,2852
울산,2021,한국국적을 가지지 않은 자 (명),유학생,1649,1093,556
울산,2021,한국국적을 가지지 않은 자 (명),외국국적동포,5228,3166,2062
울산,2021,한국국적을 가지지 않은 자 (명),기타외국인,9076,4774,4302
울산,2021,한국국적을 취득한 자 (명),소계,3494,481,3013
울산,2021,외국인주민자녀(출생) (명),소계,5918,3042,2876
울산,2022,총인구 (명),소계,1110516,573080,537436
울산,2022,합계 (명),소계,36061,19310,16751
울산,2022,한국국적을 가지지 않은 자 (명),소계,26352,15694,10658
울산,2022,한국국적을 가지지 않은 자 (명),외국인근로자,6402,5670,732
울산,2022,한국국적을 가지지 않은 자 (명),결혼이민자,3338,555,2783
울산,2022,한국국적을 가지지 않은 자 (명),유학생,1489,970,519
울산,2022,한국국적을 가지지 않은 자 (명),외국국적동포,5354,3250,2104
울산,2022,한국국적을 가지지 않은 자 (명),기타외국인,9769,5249,4520
울산,2022,한국국적을 취득한 자 (명),소계,3669,525,3144
울산,2022,외국인주민자녀(출생) (명),소계,6040,3091,2949
세종,2015,총인구 (명),소계,204088,-,-
세종,2015,합계 (명),소계,5570,3184,2386
세종,2015,한국국적을 가지지 않은 자 (명),소계,4471,2755,1716
세종,2015,한국국적을 가지지 않은 자 (명),외국인근로자,1923,1568,355
세종,2015,한국국적을 가지지 않은 자 (명),결혼이민자,524,64,460
세종,2015,한국국적을 가지지 않은 자 (명),유학생,522,283,239
세종,2015,한국국적을 가지지 않은 자 (명),외국국적동포,495,272,223
세종,2015,한국국적을 가지지 않은 자 (명),기타외국인,1007,568,439
세종,2015,한국국적을 취득한 자 (명),소계,370,52,318
세종,2015,한국국적을 취득한 자 (명),혼인귀화자,261,16,245
세종,2015,한국국적을 취득한 자 (명),기타사유,109,36,73
세종,2015,외국인주민자녀(출생) (명),소계,729,377,352
세종,2015,외국인주민자녀(출생) (명),외국인 부모,9,7,*
세종,2015,외국인주민자녀(출생) (명),외국인-한국인부모,686,351,335
세종,2015,외국인주민자녀(출생) (명),한국인 부모,34,19,15
세종,2015,외국인주민 세대수 (세대),소계,919,-,-
세종,2016,총인구 (명),소계,242507,-,-
세종,2016,합계 (명),소계,6084,3351,2733
세종,2016,한국국적을 가지지 않은 자 (명),소계,4835,2883,1952
세종,2016,한국국적을 가지지 않은 자 (명),외국인근로자,1876,1528,348
세종,2016,한국국적을 가지지 않은 자 (명),결혼이민자,598,97,501
세종,2016,한국국적을 가지지 않은 자 (명),유학생,556,273,283
세종,2016,한국국적을 가지지 않은 자 (명),외국국적동포,604,328,276
세종,2016,한국국적을 가지지 않은 자 (명),기타외국인,1201,657,544
세종,2016,한국국적을 취득한 자 (명),소계,455,57,398
세종,2016,외국인주민자녀(출생) (명),소계,794,411,383
세종,2017,총인구 (명),소계,276589,-,-
세종,2017,합계 (명),소계,6761,3683,3078
세종,2017,한국국적을 가지지 않은 자 (명),소계,5290,3130,2160
세종,2017,한국국적을 가지지 않은 자 (명),외국인근로자,1886,1543,343
세종,2017,한국국적을 가지지 않은 자 (명),결혼이민자,691,122,569
세종,2017,한국국적을 가지지 않은 자 (명),유학생,606,307,299
세종,2017,한국국적을 가지지 않은 자 (명),외국국적동포,770,413,357
세종,2017,한국국적을 가지지 않은 자 (명),기타외국인,1337,745,592
세종,2017,한국국적을 취득한 자 (명),소계,534,69,465
세종,2017,외국인주민자녀(출생) (명),소계,937,484,453
세종,2018,총인구 (명),소계,312374,157289,155085
세종,2018,합계 (명),소계,8187,4545,3642
세종,2018,한국국적을 가지지 않은 자 (명),소계,6486,3887,2599
세종,2018,한국국적을 가지지 않은 자 (명),외국인근로자,2013,1659,354
세종,2018,한국국적을 가지지 않은 자 (명),결혼이민자,758,131,627
세종,2018,한국국적을 가지지 않은 자 (명),유학생,1023,609,414
세종,2018,한국국적을 가지지 않은 자 (명),외국국적동포,821,448,373
세종,2018,한국국적을 가지지 않은 자 (명),기타외국인,1871,1040,831
세종,2018,한국국적을 취득한 자 (명),소계,593,79,514
세종,2018,외국인주민자녀(출생) (명),소계,1108,579,529
세종,2019,총인구 (명),소계,338136,170148,167988
세종,2019,합계 (명),소계,9814,5618,4196
세종,2019,한국국적을 가지지 않은 자 (명),소계,7829,4860,2969
세종,2019,한국국적을 가지지 않은 자 (명),외국인근로자,2117,1755,362
세종,2019,한국국적을 가지지 않은 자 (명),결혼이민자,824,144,680
세종,2019,한국국적을 가지지 않은 자 (명),유학생,1437,925,512
세종,2019,한국국적을 가지지 않은 자 (명),외국국적동포,832,444,388
세종,2019,한국국적을 가지지 않은 자 (명),기타외국인,2619,1592,1027
세종,2019,한국국적을 취득한 자 (명),소계,666,92,574
세종,2019,외국인주민자녀(출생) (명),소계,1319,666,653
세종,2020,총인구 (명),소계,353933,177939,175994
세종,2020,합계 (명),소계,9382,5215,4167
세종,2020,한국국적을 가지지 않은 자 (명),소계,7244,4398,2846
세종,2020,한국국적을 가지지 않은 자 (명),외국인근로자,2020,1697,323
세종,2020,한국국적을 가지지 않은 자 (명),결혼이민자,878,166,712
세종,2020,한국국적을 가지지 않은 자 (명),유학생,1180,766,414
세종,2020,한국국적을 가지지 않은 자 (명),외국국적동포,918,492,426
세종,2020,한국국적을 가지지 않은 자 (명),기타외국인,2248,1277,971
세종,2020,한국국적을 취득한 자 (명),소계,729,106,623
세종,2020,외국인주민자녀(출생) (명),소계,1409,711,698
세종,2021,총인구 (명),소계,366227,183616,182611
세종,2021,합계 (명),소계,9335,5039,4296
세종,2021,한국국적을 가지지 않은 자 (명),소계,6991,4156,2835
세종,2021,한국국적을 가지지 않은 자 (명),외국인근로자,1908,1587,321
세종,2021,한국국적을 가지지 않은 자 (명),결혼이민자,880,171,709
세종,2021,한국국적을 가지지 않은 자 (명),유학생,1279,802,477
세종,2021,한국국적을 가지지 않은 자 (명),외국국적동포,983,518,465
세종,2021,한국국적을 가지지 않은 자 (명),기타외국인,1941,1078,863
세종,2021,한국국적을 취득한 자 (명),소계,803,108,695
세종,2021,외국인주민자녀(출생) (명),소계,1541,775,766
세종,2022,총인구 (명),소계,382589,192165,190424
세종,2022,합계 (명),소계,9756,5139,4617
세종,2022,한국국적을 가지지 않은 자 (명),소계,7197,4183,3014
세종,2022,한국국적을 가지지 않은 자 (명),외국인근로자,1794,1481,313
세종,2022,한국국적을 가지지 않은 자 (명),결혼이민자,884,174,710
세종,2022,한국국적을 가지지 않은 자 (명),유학생,1410,856,554
세종,2022,한국국적을 가지지 않은 자 (명),외국국적동포,1028,548,480
세종,2022,한국국적을 가지지 않은 자 (명),기타외국인,2081,1124,957
세종,2022,한국국적을 취득한 자 (명),소계,882,114,768
세종,2022,외국인주민자녀(출생) (명),소계,1677,842,835
경기,2015,총인구 (명),소계,12479061,-,-
경기,2015,합계 (명),소계,549503,306877,242626
경기,2015,한국국적을 가지지 않은 자 (명),소계,452632,269861,182771
경기,2015,한국국적을 가지지 않은 자 (명),외국인근로자,213808,155854,57954
경기,2015,한국국적을 가지지 않은 자 (명),결혼이민자,39769,8278,31491
경기,2015,한국국적을 가지지 않은 자 (명),유학생,9933,5200,4733
경기,2015,한국국적을 가지지 않은 자 (명),외국국적동포,77605,39650,37955
경기,2015,한국국적을 가지지 않은 자 (명),기타외국인,111517,60879,50638
경기,2015,한국국적을 취득한 자 (명),소계,46558,11404,35154
경기,2015,한국국적을 취득한 자 (명),혼인귀화자,27678,3831,23847
경기,2015,한국국적을 취득한 자 (명),기타사유,18880,7573,11307
경기,2015,외국인주민자녀(출생) (명),소계,50313,25612,24701
경기,2015,외국인주민자녀(출생) (명),외국인 부모,2366,1216,1150
경기,2015,외국인주민자녀(출생) (명),외국인-한국인부모,45725,23267,22458
경기,2015,외국인주민자녀(출생) (명),한국인 부모,2222,1129,1093
경기,2015,외국인주민 세대수 (세대),소계,84295,-,-
경기,2016,총인구 (명),소계,12671956,-,-
경기,2016,합계 (명),소계,571384,319501,251883
경기,2016,한국국적을 가지지 않은 자 (명),소계,472699,282365,190334
경기,2016,한국국적을 가지지 않은 자 (명),외국인근로자,204280,153244,51036
경기,2016,한국국적을 가지지 않은 자 (명),결혼이민자,46297,9712,36585
경기,2016,한국국적을 가지지 않은 자 (명),유학생,11879,6039,5840
경기,2016,한국국적을 가지지 않은 자 (명),외국국적동포,88179,45126,43053
경기,2016,한국국적을 가지지 않은 자 (명),기타외국인,122064,68244,53820
경기,2016,한국국적을 취득한 자 (명),소계,49551,11967,37584
경기,2016,외국인주민자녀(출생) (명),소계,49134,25169,23965
경기,2017,총인구 (명),소계,12851601,-,-
경기,2017,합계 (명),소계,603609,336239,267370
경기,2017,한국국적을 가지지 않은 자 (명),소계,497089,295967,201122
경기,2017,한국국적을 가지지 않은 자 (명),외국인근로자,189028,144869,44159
경기,2017,한국국적을 가지지 않은 자 (명),결혼이민자,47161,10416,36745
경기,2017,한국국적을 가지지 않은 자 (명),유학생,14609,7516,7093
경기,2017,한국국적을 가지지 않은 자 (명),외국국적동포,106827,53938,52889
경기,2017,한국국적을 가지지 않은 자 (명),기타외국인,139464,79228,60236
경기,2017,한국국적을 취득한 자 (명),소계,53368,12950,40418
경기,2017,외국인주민자녀(출생) (명),소계,53152,27322,25830
경기,2018,총인구 (명),소계,13103188,6635106,6468082
경기,2018,합계 (명),소계,672791,376838,295953
경기,2018,한국국적을 가지지 않은 자 (명),소계,558197,333260,224937
경기,2018,한국국적을 가지지 않은 자 (명),외국인근로자,205140,156867,48273
경기,2018,한국국적을 가지지 않은 자 (명),결혼이민자,50059,11404,38655
경기,2018,한국국적을 가지지 않은 자 (명),유학생,19101,9978,9123
경기,2018,한국국적을 가지지 않은 자 (명),외국국적동포,118760,59679,59081
경기,2018,한국국적을 가지지 않은 자 (명),기타외국인,165137,95332,69805
경기,2018,한국국적을 취득한 자 (명),소계,57082,14040,43042
경기,2018,외국인주민자녀(출생) (명),소계,57512,29538,27974
경기,2019,총인구 (명),소계,13300900,6740448,6560452
경기,2019,합계 (명),소계,720090,403280,316810
경기,2019,한국국적을 가지지 않은 자 (명),소계,594795,355254,239541
경기,2019,한국국적을 가지지 않은 자 (명),외국인근로자,199634,153878,45756
경기,2019,한국국적을 가지지 않은 자 (명),결혼이민자,52697,12115,40582
경기,2019,한국국적을 가지지 않은 자 (명),유학생,21200,11021,10179
경기,2019,한국국적을 가지지 않은 자 (명),외국국적동포,124647,62430,62217
경기,2019,한국국적을 가지지 않은 자 (명),기타외국인,196617,115810,80807
경기,2019,한국국적을 취득한 자 (명),소계,60403,14724,45679
경기,2019,외국인주민자녀(출생) (명),소계,64892,33302,31590
경기,2020,총인구 (명),소계,13511676,6828367,6683309
경기,2020,합계 (명),소계,717900,390068,327832
경기,2020,한국국적을 가지지 않은 자 (명),소계,583462,338649,244813
경기,2020,한국국적을 가지지 않은 자 (명),외국인근로자,176517,137067,39450
경기,2020,한국국적을 가지지 않은 자 (명),결혼이민자,52907,12366,40541
경기,2020,한국국적을 가지지 않은 자 (명),유학생,19501,10327,9174
경기,2020,한국국적을 가지지 않은 자 (명),외국국적동포,145609,72871,72738
경기,2020,한국국적을 가지지 않은 자 (명),기타외국인,188928,106018,82910
경기,2020,한국국적을 취득한 자 (명),소계,65976,16401,49575
경기,2020,외국인주민자녀(출생) (명),소계,68462,35018,33444
경기,2021,총인구 (명),소계,13652529,6898723,6753806
경기,2021,합계 (명),소계,714497,382426,332071
경기,2021,한국국적을 가지지 않은 자 (명),소계,571204,327605,243599
경기,2021,한국국적을 가지지 않은 자 (명),외국인근로자,151037,117437,33600
경기,2021,한국국적을 가지지 않은 자 (명),결혼이민자,54467,12926,41541
경기,2021,한국국적을 가지지 않은 자 (명),유학생,22358,11435,10923
경기,2021,한국국적을 가지지 않은 자 (명),외국국적동포,160110,83331,76779
경기,2021,한국국적을 가지지 않은 자 (명),기타외국인,183232,102476,80756
경기,2021,한국국적을 취득한 자 (명),소계,70768,17779,52989
경기,2021,외국인주민자녀(출생) (명),소계,72525,37042,35483
경기,2022,총인구 (명),소계,13717827,6938563,6779264
경기,2022,합계 (명),소계,751507,404010,347497
경기,2022,한국국적을 가지지 않은 자 (명),소계,600925,346570,254355
경기,2022,한국국적을 가지지 않은 자 (명),외국인근로자,149618,118498,31120
경기,2022,한국국적을 가지지 않은 자 (명),결혼이민자,55848,13923,41925
경기,2022,한국국적을 가지지 않은 자 (명),유학생,28077,13814,14263
경기,2022,한국국적을 가지지 않은 자 (명),외국국적동포,174317,91736,82581
경기,2022,한국국적을 가지지 않은 자 (명),기타외국인,193065,108599,84466
경기,2022,한국국적을 취득한 자 (명),소계,75288,18964,56324
경기,2022,외국인주민자녀(출생) (명),소계,75294,38476,36818
강원,2015,총인구 (명),소계,1518040,-,-
강원,2015,합계 (명),소계,27253,13008,14245
강원,2015,한국국적을 가지지 않은 자 (명),소계,18306,9640,8666
강원,2015,한국국적을 가지지 않은 자 (명),외국인근로자,6255,5079,1176
강원,2015,한국국적을 가지지 않은 자 (명),결혼이민자,3666,278,3388
강원,2015,한국국적을 가지지 않은 자 (명),유학생,2057,987,1070
강원,2015,한국국적을 가지지 않은 자 (명),외국국적동포,1595,780,815
강원,2015,한국국적을 가지지 않은 자 (명),기타외국인,4733,2516,2217
강원,2015,한국국적을 취득한 자 (명),소계,2905,225,2680
강원,2015,한국국적을 취득한 자 (명),혼인귀화자,2185,61,2124
강원,2015,한국국적을 취득한 자 (명),기타사유,720,164,556
강원,2015,외국인주민자녀(출생) (명),소계,6042,3143,2899
강원,2015,외국인주민자녀(출생) (명),외국인 부모,33,17,16
강원,2015,외국인주민자녀(출생) (명),외국인-한국인부모,5717,2979,2738
강원,2015,외국인주민자녀(출생) (명),한국인 부모,292,147,145
강원,2015,외국인주민 세대수 (세대),소계,7304,-,-
강원,2016,총인구 (명),소계,1521751,-,-
강원,2016,합계 (명),소계,28469,13651,14818
강원,2016,한국국적을 가지지 않은 자 (명),소계,19364,10339,9025
강원,2016,한국국적을 가지지 않은 자 (명),외국인근로자,6533,5306,1227
강원,2016,한국국적을 가지지 않은 자 (명),결혼이민자,3547,265,3282
강원,2016,한국국적을 가지지 않은 자 (명),유학생,2358,1198,1160
강원,2016,한국국적을 가지지 않은 자 (명),외국국적동포,1584,766,818
강원,2016,한국국적을 가지지 않은 자 (명),기타외국인,5342,2804,2538
강원,2016,한국국적을 취득한 자 (명),소계,3221,252,2969
강원,2016,외국인주민자녀(출생) (명),소계,5884,3060,2824
강원,2017,총인구 (명),소계,1521386,-,-
강원,2017,합계 (명),소계,31123,15007,16116
강원,2017,한국국적을 가지지 않은 자 (명),소계,20996,11279,9717
강원,2017,한국국적을 가지지 않은 자 (명),외국인근로자,6528,5315,1213
강원,2017,한국국적을 가지지 않은 자 (명),결혼이민자,3538,301,3237
강원,2017,한국국적을 가지지 않은 자 (명),유학생,3288,1802,1486
강원,2017,한국국적을 가지지 않은 자 (명),외국국적동포,1779,853,926
강원,2017,한국국적을 가지지 않은 자 (명),기타외국인,5863,3008,2855
강원,2017,한국국적을 취득한 자 (명),소계,3451,264,3187
강원,2017,외국인주민자녀(출생) (명),소계,6676,3464,3212
강원,2018,총인구 (명),소계,1520391,768604,751787
강원,2018,합계 (명),소계,34682,16952,17730
강원,2018,한국국적을 가지지 않은 자 (명),소계,24149,13077,11072
강원,2018,한국국적을 가지지 않은 자 (명),외국인근로자,6553,5317,1236
강원,2018,한국국적을 가지지 않은 자 (명),결혼이민자,3645,335,3310
강원,2018,한국국적을 가지지 않은 자 (명),유학생,4248,2532,1716
강원,2018,한국국적을 가지지 않은 자 (명),외국국적동포,1818,885,933
강원,2018,한국국적을 가지지 않은 자 (명),기타외국인,7885,4008,3877
강원,2018,한국국적을 취득한 자 (명),소계,3567,282,3285
강원,2018,외국인주민자녀(출생) (명),소계,6966,3593,3373
강원,2019,총인구 (명),소계,1520127,767717,752410
강원,2019,합계 (명),소계,38504,18844,19660
강원,2019,한국국적을 가지지 않은 자 (명),소계,27008,14619,12389
강원,2019,한국국적을 가지지 않은 자 (명),외국인근로자,6550,5334,1216
강원,2019,한국국적을 가지지 않은 자 (명),결혼이민자,3873,371,3502
강원,2019,한국국적을 가지지 않은 자 (명),유학생,4406,2678,1728
강원,2019,한국국적을 가지지 않은 자 (명),외국국적동포,1854,867,987
강원,2019,한국국적을 가지지 않은 자 (명),기타외국인,10325,5369,4956
강원,2019,한국국적을 취득한 자 (명),소계,3786,286,3500
강원,2019,외국인주민자녀(출생) (명),소계,7710,3939,3771
강원,2020,총인구 (명),소계,1521763,767674,754089
강원,2020,합계 (명),소계,36659,17211,19448
강원,2020,한국국적을 가지지 않은 자 (명),소계,24654,12843,11811
강원,2020,한국국적을 가지지 않은 자 (명),외국인근로자,5830,4820,1010
강원,2020,한국국적을 가지지 않은 자 (명),결혼이민자,3927,391,3536
강원,2020,한국국적을 가지지 않은 자 (명),유학생,3876,2444,1432
강원,2020,한국국적을 가지지 않은 자 (명),외국국적동포,2123,979,1144
강원,2020,한국국적을 가지지 않은 자 (명),기타외국인,8898,4209,4689
강원,2020,한국국적을 취득한 자 (명),소계,4064,322,3742
강원,2020,외국인주민자녀(출생) (명),소계,7941,4046,3895
강원,2021,총인구 (명),소계,1521890,767067,754823
강원,2021,합계 (명),소계,37230,17300,19930
강원,2021,한국국적을 가지지 않은 자 (명),소계,24582,12713,11869
강원,2021,한국국적을 가지지 않은 자 (명),외국인근로자,5398,4409,989
강원,2021,한국국적을 가지지 않은 자 (명),결혼이민자,3868,394,3474
강원,2021,한국국적을 가지지 않은 자 (명),유학생,4131,2545,1586
강원,2021,한국국적을 가지지 않은 자 (명),외국국적동포,2312,1051,1261
강원,2021,한국국적을 가지지 않은 자 (명),기타외국인,8873,4314,4559
강원,2021,한국국적을 취득한 자 (명),소계,4367,360,4007
강원,2021,외국인주민자녀(출생) (명),소계,8281,4227,4054
강원,2022,총인구 (명),소계,1528037,770518,757519
강원,2022,합계 (명),소계,40989,19559,21430
강원,2022,한국국적을 가지지 않은 자 (명),소계,27633,14766,12867
강원,2022,한국국적을 가지지 않은 자 (명),외국인근로자,6089,4988,1101
강원,2022,한국국적을 가지지 않은 자 (명),결혼이민자,3800,442,3358
강원,2022,한국국적을 가지지 않은 자 (명),유학생,5058,3008,2050
강원,2022,한국국적을 가지지 않은 자 (명),외국국적동포,2443,1115,1328
강원,2022,한국국적을 가지지 않은 자 (명),기타외국인,10243,5213,5030
강원,2022,한국국적을 취득한 자 (명),소계,4777,410,4367
강원,2022,외국인주민자녀(출생) (명),소계,8579,4383,4196
충북,2015,총인구 (명),소계,1589347,-,-
충북,2015,합계 (명),소계,52073,29564,22509
충북,2015,한국국적을 가지지 않은 자 (명),소계,40758,25416,15342
충북,2015,한국국적을 가지지 않은 자 (명),외국인근로자,19075,15472,3603
충북,2015,한국국적을 가지지 않은 자 (명),결혼이민자,4900,559,4341
충북,2015,한국국적을 가지지 않은 자 (명),유학생,2304,1111,1193
충북,2015,한국국적을 가지지 않은 자 (명),외국국적동포,5155,3194,1961
충북,2015,한국국적을 가지지 않은 자 (명),기타외국인,9324,5080,4244
충북,2015,한국국적을 취득한 자 (명),소계,4226,535,3691
충북,2015,한국국적을 취득한 자 (명),혼인귀화자,3000,177,2823
충북,2015,한국국적을 취득한 자 (명),기타사유,1226,358,868
충북,2015,외국인주민자녀(출생) (명),소계,7089,3613,3476
충북,2015,외국인주민자녀(출생) (명),외국인 부모,100,49,51
충북,2015,외국인주민자녀(출생) (명),외국인-한국인부모,6740,3438,3302
충북,2015,외국인주민자녀(출생) (명),한국인 부모,249,126,123
충북,2015,외국인주민 세대수 (세대),소계,9347,-,-
충북,2016,총인구 (명),소계,1603404,-,-
충북,2016,합계 (명),소계,56660,32446,24214
충북,2016,한국국적을 가지지 않은 자 (명),소계,44901,28225,16676
충북,2016,한국국적을 가지지 않은 자 (명),외국인근로자,19718,16154,3564
충북,2016,한국국적을 가지지 않은 자 (명),결혼이민자,4841,548,4293
충북,2016,한국국적을 가지지 않은 자 (명),유학생,2951,1528,1423
충북,2016,한국국적을 가지지 않은 자 (명),외국국적동포,6453,4016,2437
충북,2016,한국국적을 가지지 않은 자 (명),기타외국인,10938,5979,4959
충북,2016,한국국적을 취득한 자 (명),소계,4592,564,4028
충북,2016,외국인주민자녀(출생) (명),소계,7167,3657,3510
충북,2017,총인구 (명),소계,1611009,-,-
충북,2017,합계 (명),소계,61246,34907,26339
충북,2017,한국국적을 가지지 않은 자 (명),소계,48237,30178,18059
충북,2017,한국국적을 가지지 않은 자 (명),외국인근로자,19087,15741,3346
충북,2017,한국국적을 가지지 않은 자 (명),결혼이민자,5005,615,4390
충북,2017,한국국적을 가지지 않은 자 (명),유학생,3388,1836,1552
충북,2017,한국국적을 가지지 않은 자 (명),외국국적동포,7846,4780,3066
충북,2017,한국국적을 가지지 않은 자 (명),기타외국인,12911,7206,5705
충북,2017,한국국적을 취득한 자 (명),소계,4877,588,4289
충북,2017,외국인주민자녀(출생) (명),소계,8132,4141,3991
충북,2018,총인구 (명),소계,1620935,826183,794752
충북,2018,합계 (명),소계,68641,39331,29310
충북,2018,한국국적을 가지지 않은 자 (명),소계,54835,34279,20556
충북,2018,한국국적을 가지지 않은 자 (명),외국인근로자,20263,16677,3586
충북,2018,한국국적을 가지지 않은 자 (명),결혼이민자,5279,700,4579
충북,2018,한국국적을 가지지 않은 자 (명),유학생,3919,2173,1746
충북,2018,한국국적을 가지지 않은 자 (명),외국국적동포,8883,5363,3520
충북,2018,한국국적을 가지지 않은 자 (명),기타외국인,16491,9366,7125
충북,2018,한국국적을 취득한 자 (명),소계,5112,625,4487
충북,2018,외국인주민자녀(출생) (명),소계,8694,4427,4267
충북,2019,총인구 (명),소계,1629343,832543,796800
충북,2019,합계 (명),소계,74880,42590,32290
충북,2019,한국국적을 가지지 않은 자 (명),소계,59783,37021,22762
충북,2019,한국국적을 가지지 않은 자 (명),외국인근로자,20077,16574,3503
충북,2019,한국국적을 가지지 않은 자 (명),결혼이민자,5601,765,4836
충북,2019,한국국적을 가지지 않은 자 (명),유학생,4408,2504,1904
충북,2019,한국국적을 가지지 않은 자 (명),외국국적동포,9342,5560,3782
충북,2019,한국국적을 가지지 않은 자 (명),기타외국인,20355,11618,8737
충북,2019,한국국적을 취득한 자 (명),소계,5382,604,4778
충북,2019,외국인주민자녀(출생) (명),소계,9715,4965,4750
충북,2020,총인구 (명),소계,1632088,833819,798269
충북,2020,합계 (명),소계,73064,40533,32531
충북,2020,한국국적을 가지지 않은 자 (명),소계,57094,34651,22443
충북,2020,한국국적을 가지지 않은 자 (명),외국인근로자,18099,15048,3051
충북,2020,한국국적을 가지지 않은 자 (명),결혼이민자,5670,785,4885
충북,2020,한국국적을 가지지 않은 자 (명),유학생,3822,2311,1511
충북,2020,한국국적을 가지지 않은 자 (명),외국국적동포,10466,6063,4403
충북,2020,한국국적을 가지지 않은 자 (명),기타외국인,19037,10444,8593
충북,2020,한국국적을 취득한 자 (명),소계,5816,695,5121
충북,2020,외국인주민자녀(출생) (명),소계,10154,5187,4967
충북,2021,총인구 (명),소계,1624764,828073,796691
충북,2021,합계 (명),소계,73529,39904,33625
충북,2021,한국국적을 가지지 않은 자 (명),소계,56631,33711,22920
충북,2021,한국국적을 가지지 않은 자 (명),외국인근로자,16392,13626,2766
충북,2021,한국국적을 가지지 않은 자 (명),결혼이민자,5672,806,4866
충북,2021,한국국적을 가지지 않은 자 (명),유학생,3864,2256,1608
충북,2021,한국국적을 가지지 않은 자 (명),외국국적동포,11637,6664,4973
충북,2021,한국국적을 가지지 않은 자 (명),기타외국인,19066,10359,8707
충북,2021,한국국적을 취득한 자 (명),소계,6212,748,5464
충북,2021,외국인주민자녀(출생) (명),소계,10686,5445,5241
충북,2022,총인구 (명),소계,1624993,830923,794070
충북,2022,합계 (명),소계,79411,43962,35449
충북,2022,한국국적을 가지지 않은 자 (명),소계,61617,37524,24093
충북,2022,한국국적을 가지지 않은 자 (명),외국인근로자,18428,15556,2872
충북,2022,한국국적을 가지지 않은 자 (명),결혼이민자,5570,841,4729
충북,2022,한국국적을 가지지 않은 자 (명),유학생,4568,2662,1906
충북,2022,한국국적을 가지지 않은 자 (명),외국국적동포,12789,7232,5557
충북,2022,한국국적을 가지지 않은 자 (명),기타외국인,20262,11233,9029
충북,2022,한국국적을 취득한 자 (명),소계,6820,830,5990
충북,2022,외국인주민자녀(출생) (명),소계,10974,5608,5366
충남,2015,총인구 (명),소계,2107802,-,-
충남,2015,합계 (명),소계,88189,50609,37580
충남,2015,한국국적을 가지지 않은 자 (명),소계,71082,44171,26911
충남,2015,한국국적을 가지지 않은 자 (명),외국인근로자,33720,26857,6863
충남,2015,한국국적을 가지지 않은 자 (명),결혼이민자,7836,835,7001
충남,2015,한국국적을 가지지 않은 자 (명),유학생,4159,1973,2186
충남,2015,한국국적을 가지지 않은 자 (명),외국국적동포,9429,5713,3716
충남,2015,한국국적을 가지지 않은 자 (명),기타외국인,15938,8793,7145
충남,2015,한국국적을 취득한 자 (명),소계,6199,850,5349
충남,2015,한국국적을 취득한 자 (명),혼인귀화자,4323,293,4030
충남,2015,한국국적을 취득한 자 (명),기타사유,1876,557,1319
충남,2015,외국인주민자녀(출생) (명),소계,10908,5588,5320
충남,2015,외국인주민자녀(출생) (명),외국인 부모,171,90,81
충남,2015,외국인주민자녀(출생) (명),외국인-한국인부모,10335,5279,5056
충남,2015,외국인주민자녀(출생) (명),한국인 부모,402,219,183
충남,2015,외국인주민 세대수 (세대),소계,14722,-,-
충남,2016,총인구 (명),소계,2132566,-,-
충남,2016,합계 (명),소계,95553,54736,40817
충남,2016,한국국적을 가지지 않은 자 (명),소계,77533,48042,29491
충남,2016,한국국적을 가지지 않은 자 (명),외국인근로자,34044,27348,6696
충남,2016,한국국적을 가지지 않은 자 (명),결혼이민자,8020,824,7196
충남,2016,한국국적을 가지지 않은 자 (명),유학생,5032,2283,2749
충남,2016,한국국적을 가지지 않은 자 (명),외국국적동포,12263,7541,4722
충남,2016,한국국적을 가지지 않은 자 (명),기타외국인,18174,10046,8128
충남,2016,한국국적을 취득한 자 (명),소계,6843,973,5870
충남,2016,외국인주민자녀(출생) (명),소계,11177,5721,5456
충남,2017,총인구 (명),소계,2162426,-,-
충남,2017,합계 (명),소계,104854,59560,45294
충남,2017,한국국적을 가지지 않은 자 (명),소계,84752,52102,32650
충남,2017,한국국적을 가지지 않은 자 (명),외국인근로자,33806,27259,6547
충남,2017,한국국적을 가지지 않은 자 (명),결혼이민자,8162,916,7246
충남,2017,한국국적을 가지지 않은 자 (명),유학생,6149,2872,3277
충남,2017,한국국적을 가지지 않은 자 (명),외국국적동포,15100,9096,6004
충남,2017,한국국적을 가지지 않은 자 (명),기타외국인,21535,11959,9576
충남,2017,한국국적을 취득한 자 (명),소계,7474,1003,6471
충남,2017,외국인주민자녀(출생) (명),소계,12628,6455,6173
충남,2018,총인구 (명),소계,2181416,1119996,1061420
충남,2018,합계 (명),소계,117094,66392,50702
충남,2018,한국국적을 가지지 않은 자 (명),소계,95838,58511,37327
충남,2018,한국국적을 가지지 않은 자 (명),외국인근로자,35275,28482,6793
충남,2018,한국국적을 가지지 않은 자 (명),결혼이민자,8564,1027,7537
충남,2018,한국국적을 가지지 않은 자 (명),유학생,7170,3449,3721
충남,2018,한국국적을 가지지 않은 자 (명),외국국적동포,17012,10080,6932
충남,2018,한국국적을 가지지 않은 자 (명),기타외국인,27817,15473,12344
충남,2018,한국국적을 취득한 자 (명),소계,7832,1059,6773
충남,2018,외국인주민자녀(출생) (명),소계,13424,6822,6602
충남,2019,총인구 (명),소계,2188649,1124678,1063971
충남,2019,합계 (명),소계,127057,71691,55366
충남,2019,한국국적을 가지지 않은 자 (명),소계,104018,63093,40925
충남,2019,한국국적을 가지지 않은 자 (명),외국인근로자,34757,28133,6624
충남,2019,한국국적을 가지지 않은 자 (명),결혼이민자,9089,1140,7949
충남,2019,한국국적을 가지지 않은 자 (명),유학생,7662,3775,3887
충남,2019,한국국적을 가지지 않은 자 (명),외국국적동포,17827,10510,7317
충남,2019,한국국적을 가지지 않은 자 (명),기타외국인,34683,19535,15148
충남,2019,한국국적을 취득한 자 (명),소계,8234,1055,7179
충남,2019,외국인주민자녀(출생) (명),소계,14805,7543,7262
충남,2020,총인구 (명),소계,2176636,1117575,1059061
충남,2020,합계 (명),소계,123430,67705,55725
충남,2020,한국국적을 가지지 않은 자 (명),소계,99166,58706,40460
충남,2020,한국국적을 가지지 않은 자 (명),외국인근로자,31406,25416,5990
충남,2020,한국국적을 가지지 않은 자 (명),결혼이민자,9032,1166,7866
충남,2020,한국국적을 가지지 않은 자 (명),유학생,6816,3405,3411
충남,2020,한국국적을 가지지 않은 자 (명),외국국적동포,19604,11268,8336
충남,2020,한국국적을 가지지 않은 자 (명),기타외국인,32308,17451,14857
충남,2020,한국국적을 취득한 자 (명),소계,8946,1196,7750
충남,2020,외국인주민자녀(출생) (명),소계,15318,7803,7515
충남,2021,총인구 (명),소계,2175960,1116818,1059142
충남,2021,합계 (명),소계,124492,67153,57339
충남,2021,한국국적을 가지지 않은 자 (명),소계,98612,57610,41002
충남,2021,한국국적을 가지지 않은 자 (명),외국인근로자,28266,22847,5419
충남,2021,한국국적을 가지지 않은 자 (명),결혼이민자,9129,1252,7877
충남,2021,한국국적을 가지지 않은 자 (명),유학생,7310,3705,3605
충남,2021,한국국적을 가지지 않은 자 (명),외국국적동포,21702,12512,9190
충남,2021,한국국적을 가지지 않은 자 (명),기타외국인,32205,17294,14911
충남,2021,한국국적을 취득한 자 (명),소계,9801,1362,8439
충남,2021,외국인주민자녀(출생) (명),소계,16079,8181,7898
충남,2022,총인구 (명),소계,2193214,1128115,1065099
충남,2022,합계 (명),소계,136006,74133,61873
충남,2022,한국국적을 가지지 않은 자 (명),소계,108619,64105,44514
충남,2022,한국국적을 가지지 않은 자 (명),외국인근로자,30108,24540,5568
충남,2022,한국국적을 가지지 않은 자 (명),결혼이민자,9082,1370,7712
충남,2022,한국국적을 가지지 않은 자 (명),유학생,9001,4645,4356
충남,2022,한국국적을 가지지 않은 자 (명),외국국적동포,25314,14521,10793
충남,2022,한국국적을 가지지 않은 자 (명),기타외국인,35114,19029,16085
충남,2022,한국국적을 취득한 자 (명),소계,10718,1522,9196
충남,2022,외국인주민자녀(출생) (명),소계,16669,8506,8163
전북,2015,총인구 (명),소계,1834114,-,-
전북,2015,합계 (명),소계,44184,21790,22394
전북,2015,한국국적을 가지지 않은 자 (명),소계,29930,16421,13509
전북,2015,한국국적을 가지지 않은 자 (명),외국인근로자,11168,9181,1987
전북,2015,한국국적을 가지지 않은 자 (명),결혼이민자,5727,382,5345
전북,2015,한국국적을 가지지 않은 자 (명),유학생,2737,1372,1365
전북,2015,한국국적을 가지지 않은 자 (명),외국국적동포,1993,1070,923
전북,2015,한국국적을 가지지 않은 자 (명),기타외국인,8305,4416,3889
전북,2015,한국국적을 취득한 자 (명),소계,4510,254,4256
전북,2015,한국국적을 취득한 자 (명),혼인귀화자,3576,53,3523
전북,2015,한국국적을 취득한 자 (명),기타사유,934,201,733
전북,2015,외국인주민자녀(출생) (명),소계,9744,5115,4629
전북,2015,외국인주민자녀(출생) (명),외국인 부모,89,49,40
전북,2015,외국인주민자녀(출생) (명),외국인-한국인부모,9291,4871,4420
전북,2015,외국인주민자녀(출생) (명),한국인 부모,364,195,169
전북,2015,외국인주민 세대수 (세대),소계,11292,-,-
전북,2016,총인구 (명),소계,1833168,-,-
전북,2016,합계 (명),소계,45836,22557,23279
전북,2016,한국국적을 가지지 않은 자 (명),소계,31549,17261,14288
전북,2016,한국국적을 가지지 않은 자 (명),외국인근로자,11045,9160,1885
전북,2016,한국국적을 가지지 않은 자 (명),결혼이민자,5768,388,5380
전북,2016,한국국적을 가지지 않은 자 (명),유학생,3342,1677,1665
전북,2016,한국국적을 가지지 않은 자 (명),외국국적동포,1986,1104,882
전북,2016,한국국적을 가지지 않은 자 (명),기타외국인,9408,4932,4476
전북,2016,한국국적을 취득한 자 (명),소계,4800,291,4509
전북,2016,외국인주민자녀(출생) (명),소계,9487,5005,4482
전북,2017,총인구 (명),소계,1826174,-,-
전북,2017,합계 (명),소계,49840,24301,25539
전북,2017,한국국적을 가지지 않은 자 (명),소계,33764,18246,15518
전북,2017,한국국적을 가지지 않은 자 (명),외국인근로자,10419,8650,1769
전북,2017,한국국적을 가지지 않은 자 (명),결혼이민자,5817,433,5384
전북,2017,한국국적을 가지지 않은 자 (명),유학생,5095,2745,2350
전북,2017,한국국적을 가지지 않은 자 (명),외국국적동포,2135,1165,970
전북,2017,한국국적을 가지지 않은 자 (명),기타외국인,10298,5253,5045
전북,2017,한국국적을 취득한 자 (명),소계,5083,302,4781
전북,2017,외국인주민자녀(출생) (명),소계,10993,5753,5240
전북,2018,총인구 (명),소계,1818157,907683,910474
전북,2018,합계 (명),소계,55940,27479,28461
전북,2018,한국국적을 가지지 않은 자 (명),소계,39131,21151,17980
전북,2018,한국국적을 가지지 않은 자 (명),외국인근로자,10863,9076,1787
전북,2018,한국국적을 가지지 않은 자 (명),결혼이민자,5938,472,5466
전북,2018,한국국적을 가지지 않은 자 (명),유학생,7001,3982,3019
전북,2018,한국국적을 가지지 않은 자 (명),외국국적동포,2158,1158,1000
전북,2018,한국국적을 가지지 않은 자 (명),기타외국인,13171,6463,6708
전북,2018,한국국적을 취득한 자 (명),소계,5227,320,4907
전북,2018,외국인주민자녀(출생) (명),소계,11582,6008,5574
전북,2019,총인구 (명),소계,1807423,902704,904719
전북,2019,합계 (명),소계,62151,30942,31209
전북,2019,한국국적을 가지지 않은 자 (명),소계,43960,24077,19883
전북,2019,한국국적을 가지지 않은 자 (명),외국인근로자,11096,9335,1761
전북,2019,한국국적을 가지지 않은 자 (명),결혼이민자,6000,521,5479
전북,2019,한국국적을 가지지 않은 자 (명),유학생,8234,4853,3381
전북,2019,한국국적을 가지지 않은 자 (명),외국국적동포,2177,1136,1041
전북,2019,한국국적을 가지지 않은 자 (명),기타외국인,16453,8232,8221
전북,2019,한국국적을 취득한 자 (명),소계,5595,313,5282
전북,2019,외국인주민자녀(출생) (명),소계,12596,6552,6044
전북,2020,총인구 (명),소계,1802766,899058,903708
전북,2020,합계 (명),소계,61316,29731,31585
전북,2020,한국국적을 가지지 않은 자 (명),소계,42366,22607,19759
전북,2020,한국국적을 가지지 않은 자 (명),외국인근로자,10475,8865,1610
전북,2020,한국국적을 가지지 않은 자 (명),결혼이민자,6059,554,5505
전북,2020,한국국적을 가지지 않은 자 (명),유학생,8251,4954,3297
전북,2020,한국국적을 가지지 않은 자 (명),외국국적동포,2413,1233,1180
전북,2020,한국국적을 가지지 않은 자 (명),기타외국인,15168,7001,8167
전북,2020,한국국적을 취득한 자 (명),소계,5945,346,5599
전북,2020,외국인주민자녀(출생) (명),소계,13005,6778,6227
전북,2021,총인구 (명),소계,1787053,891295,895758
전북,2021,합계 (명),소계,60684,29026,31658
전북,2021,한국국적을 가지지 않은 자 (명),소계,41047,21681,19366
전북,2021,한국국적을 가지지 않은 자 (명),외국인근로자,9464,7956,1508
전북,2021,한국국적을 가지지 않은 자 (명),결혼이민자,5903,561,5342
전북,2021,한국국적을 가지지 않은 자 (명),유학생,8593,5129,3464
전북,2021,한국국적을 가지지 않은 자 (명),외국국적동포,2543,1314,1229
전북,2021,한국국적을 가지지 않은 자 (명),기타외국인,14544,6721,7823
전북,2021,한국국적을 취득한 자 (명),소계,6272,370,5902
전북,2021,외국인주민자녀(출생) (명),소계,13365,6975,6390
전북,2022,총인구 (명),소계,1774248,885708,888540
전북,2022,합계 (명),소계,65119,31822,33297
전북,2022,한국국적을 가지지 않은 자 (명),소계,44728,24323,20405
전북,2022,한국국적을 가지지 않은 자 (명),외국인근로자,10705,8973,1732
전북,2022,한국국적을 가지지 않은 자 (명),결혼이민자,5722,596,5126
전북,2022,한국국적을 가지지 않은 자 (명),유학생,9502,5518,3984
전북,2022,한국국적을 가지지 않은 자 (명),외국국적동포,2680,1389,1291
전북,2022,한국국적을 가지지 않은 자 (명),기타외국인,16119,7847,8272
전북,2022,한국국적을 취득한 자 (명),소계,6777,427,6350
전북,2022,외국인주민자녀(출생) (명),소계,13614,7072,6542
전남,2015,총인구 (명),소계,1799044,-,-
전남,2015,합계 (명),소계,50864,27233,23631
전남,2015,한국국적을 가지지 않은 자 (명),소계,34611,21107,13504
전남,2015,한국국적을 가지지 않은 자 (명),외국인근로자,16824,14838,1986
전남,2015,한국국적을 가지지 않은 자 (명),결혼이민자,6773,359,6414
전남,2015,한국국적을 가지지 않은 자 (명),유학생,1227,628,599
전남,2015,한국국적을 가지지 않은 자 (명),외국국적동포,2209,1286,923
전남,2015,한국국적을 가지지 않은 자 (명),기타외국인,7578,3996,3582
전남,2015,한국국적을 취득한 자 (명),소계,4729,226,4503
전남,2015,한국국적을 취득한 자 (명),혼인귀화자,3689,47,3642
전남,2015,한국국적을 취득한 자 (명),기타사유,1040,179,861
전남,2015,외국인주민자녀(출생) (명),소계,11524,5900,5624
전남,2015,외국인주민자녀(출생) (명),외국인 부모,96,45,51
전남,2015,외국인주민자녀(출생) (명),외국인-한국인부모,10961,5621,5340
전남,2015,외국인주민자녀(출생) (명),한국인 부모,467,234,233
전남,2015,외국인주민 세대수 (세대),소계,12747,-,-
전남,2016,총인구 (명),소계,1796017,-,-
전남,2016,합계 (명),소계,53066,28492,24574
전남,2016,한국국적을 가지지 않은 자 (명),소계,36630,22401,14229
전남,2016,한국국적을 가지지 않은 자 (명),외국인근로자,17409,15407,2002
전남,2016,한국국적을 가지지 않은 자 (명),결혼이민자,6645,281,6364
전남,2016,한국국적을 가지지 않은 자 (명),유학생,1301,672,629
전남,2016,한국국적을 가지지 않은 자 (명),외국국적동포,2223,1300,923
전남,2016,한국국적을 가지지 않은 자 (명),기타외국인,9052,4741,4311
전남,2016,한국국적을 취득한 자 (명),소계,5104,273,4831
전남,2016,외국인주민자녀(출생) (명),소계,11332,5818,5514
전남,2017,총인구 (명),소계,1792319,-,-
전남,2017,합계 (명),소계,55504,29444,26060
전남,2017,한국국적을 가지지 않은 자 (명),소계,37212,22540,14672
전남,2017,한국국적을 가지지 않은 자 (명),외국인근로자,16689,14861,1828
전남,2017,한국국적을 가지지 않은 자 (명),결혼이민자,6514,304,6210
전남,2017,한국국적을 가지지 않은 자 (명),유학생,1512,824,688
전남,2017,한국국적을 가지지 않은 자 (명),외국국적동포,2238,1258,980
전남,2017,한국국적을 가지지 않은 자 (명),기타외국인,10259,5293,4966
전남,2017,한국국적을 취득한 자 (명),소계,5392,273,5119
전남,2017,외국인주민자녀(출생) (명),소계,12900,6631,6269
전남,2018,총인구 (명),소계,1790352,900154,890198
전남,2018,합계 (명),소계,61607,33283,28324
전남,2018,한국국적을 가지지 않은 자 (명),소계,42520,26005,16515
전남,2018,한국국적을 가지지 않은 자 (명),외국인근로자,17737,15988,1749
전남,2018,한국국적을 가지지 않은 자 (명),결혼이민자,6489,343,6146
전남,2018,한국국적을 가지지 않은 자 (명),유학생,2132,1253,879
전남,2018,한국국적을 가지지 않은 자 (명),외국국적동포,2267,1275,992
전남,2018,한국국적을 가지지 않은 자 (명),기타외국인,13895,7146,6749
전남,2018,한국국적을 취득한 자 (명),소계,5551,293,5258
전남,2018,외국인주민자녀(출생) (명),소계,13536,6985,6551
전남,2019,총인구 (명),소계,1787543,901813,885730
전남,2019,합계 (명),소계,68719,37751,30968
전남,2019,한국국적을 가지지 않은 자 (명),소계,47778,29743,18035
전남,2019,한국국적을 가지지 않은 자 (명),외국인근로자,18839,17071,1768
전남,2019,한국국적을 가지지 않은 자 (명),결혼이민자,6684,387,6297
전남,2019,한국국적을 가지지 않은 자 (명),유학생,2197,1314,883
전남,2019,한국국적을 가지지 않은 자 (명),외국국적동포,2274,1291,983
전남,2019,한국국적을 가지지 않은 자 (명),기타외국인,17784,9680,8104
전남,2019,한국국적을 취득한 자 (명),소계,6038,291,5747
전남,2019,외국인주민자녀(출생) (명),소계,14903,7717,7186
전남,2020,총인구 (명),소계,1788807,903281,885526
전남,2020,합계 (명),소계,66936,35794,31142
전남,2020,한국국적을 가지지 않은 자 (명),소계,45236,27549,17687
전남,2020,한국국적을 가지지 않은 자 (명),외국인근로자,17792,16322,1470
전남,2020,한국국적을 가지지 않은 자 (명),결혼이민자,6755,422,6333
전남,2020,한국국적을 가지지 않은 자 (명),유학생,2209,1330,879
전남,2020,한국국적을 가지지 않은 자 (명),외국국적동포,2516,1374,1142
전남,2020,한국국적을 가지지 않은 자 (명),기타외국인,15964,8101,7863
전남,2020,한국국적을 취득한 자 (명),소계,6393,332,6061
전남,2020,외국인주민자녀(출생) (명),소계,15307,7913,7394
전남,2021,총인구 (명),소계,1778124,897120,881004
전남,2021,합계 (명),소계,66871,35311,31560
전남,2021,한국국적을 가지지 않은 자 (명),소계,44159,26720,17439
전남,2021,한국국적을 가지지 않은 자 (명),외국인근로자,17007,15512,1495
전남,2021,한국국적을 가지지 않은 자 (명),결혼이민자,6685,460,6225
전남,2021,한국국적을 가지지 않은 자 (명),유학생,2795,1695,1100
전남,2021,한국국적을 가지지 않은 자 (명),외국국적동포,2671,1492,1179
전남,2021,한국국적을 가지지 않은 자 (명),기타외국인,15001,7561,7440
전남,2021,한국국적을 취득한 자 (명),소계,6769,372,6397
전남,2021,외국인주민자녀(출생) (명),소계,15943,8219,7724
전남,2022,총인구 (명),소계,1771431,896174,875257
전남,2022,합계 (명),소계,73183,40392,32791
전남,2022,한국국적을 가지지 않은 자 (명),소계,49558,31564,17994
전남,2022,한국국적을 가지지 않은 자 (명),외국인근로자,20094,18562,1532
전남,2022,한국국적을 가지지 않은 자 (명),결혼이민자,6457,516,5941
전남,2022,한국국적을 가지지 않은 자 (명),유학생,3457,2115,1342
전남,2022,한국국적을 가지지 않은 자 (명),외국국적동포,2878,1612,1266
전남,2022,한국국적을 가지지 않은 자 (명),기타외국인,16672,8759,7913
전남,2022,한국국적을 취득한 자 (명),소계,7302,437,6865
전남,2022,외국인주민자녀(출생) (명),소계,16323,8391,7932
경북,2015,총인구 (명),소계,2680294,-,-
경북,2015,합계 (명),소계,74919,43323,31596
경북,2015,한국국적을 가지지 않은 자 (명),소계,57565,36841,20724
경북,2015,한국국적을 가지지 않은 자 (명),외국인근로자,29045,24556,4489
경북,2015,한국국적을 가지지 않은 자 (명),결혼이민자,7407,651,6756
경북,2015,한국국적을 가지지 않은 자 (명),유학생,4393,2324,2069
경북,2015,한국국적을 가지지 않은 자 (명),외국국적동포,4224,2502,1722
경북,2015,한국국적을 가지지 않은 자 (명),기타외국인,12496,6808,5688
경북,2015,한국국적을 취득한 자 (명),소계,5579,424,5155
경북,2015,한국국적을 취득한 자 (명),혼인귀화자,4160,113,4047
경북,2015,한국국적을 취득한 자 (명),기타사유,1419,311,1108
경북,2015,외국인주민자녀(출생) (명),소계,11775,6058,5717
경북,2015,외국인주민자녀(출생) (명),외국인 부모,97,48,49
경북,2015,외국인주민자녀(출생) (명),외국인-한국인부모,11243,5758,5485
경북,2015,외국인주민자녀(출생) (명),한국인 부모,435,252,183
경북,2015,외국인주민 세대수 (세대),소계,14268,-,-
경북,2016,총인구 (명),소계,2682169,-,-
경북,2016,합계 (명),소계,78339,45097,33242
경북,2016,한국국적을 가지지 않은 자 (명),소계,60706,38701,22005
경북,2016,한국국적을 가지지 않은 자 (명),외국인근로자,28267,24239,4028
경북,2016,한국국적을 가지지 않은 자 (명),결혼이민자,7473,670,6803
경북,2016,한국국적을 가지지 않은 자 (명),유학생,5470,2842,2628
경북,2016,한국국적을 가지지 않은 자 (명),외국국적동포,4959,2986,1973
경북,2016,한국국적을 가지지 않은 자 (명),기타외국인,14537,7964,6573
경북,2016,한국국적을 취득한 자 (명),소계,6167,493,5674
경북,2016,외국인주민자녀(출생) (명),소계,11466,5903,5563
경북,2017,총인구 (명),소계,2677058,-,-
경북,2017,합계 (명),소계,83898,47540,36358
경북,2017,한국국적을 가지지 않은 자 (명),소계,63978,40166,23812
경북,2017,한국국적을 가지지 않은 자 (명),외국인근로자,26283,22798,3485
경북,2017,한국국적을 가지지 않은 자 (명),결혼이민자,7507,746,6761
경북,2017,한국국적을 가지지 않은 자 (명),유학생,7398,3906,3492
경북,2017,한국국적을 가지지 않은 자 (명),외국국적동포,5603,3273,2330
경북,2017,한국국적을 가지지 않은 자 (명),기타외국인,17187,9443,7744
경북,2017,한국국적을 취득한 자 (명),소계,6483,471,6012
경북,2017,외국인주민자녀(출생) (명),소계,13437,6903,6534
경북,2018,총인구 (명),소계,2672902,1352869,1320033
경북,2018,합계 (명),소계,94873,53669,41204
경북,2018,한국국적을 가지지 않은 자 (명),소계,74071,45955,28116
경북,2018,한국국적을 가지지 않은 자 (명),외국인근로자,26675,23218,3457
경북,2018,한국국적을 가지지 않은 자 (명),결혼이민자,7810,836,6974
경북,2018,한국국적을 가지지 않은 자 (명),유학생,9983,5487,4496
경북,2018,한국국적을 가지지 않은 자 (명),외국국적동포,5922,3469,2453
경북,2018,한국국적을 가지지 않은 자 (명),기타외국인,23681,12945,10736
경북,2018,한국국적을 취득한 자 (명),소계,6634,482,6152
경북,2018,외국인주민자녀(출생) (명),소계,14168,7232,6936
경북,2019,총인구 (명),소계,2668154,1352404,1315750
경북,2019,합계 (명),소계,104596,58902,45694
경북,2019,한국국적을 가지지 않은 자 (명),소계,81840,50448,31392
경북,2019,한국국적을 가지지 않은 자 (명),외국인근로자,26483,23040,3443
경북,2019,한국국적을 가지지 않은 자 (명),결혼이민자,8007,882,7125
경북,2019,한국국적을 가지지 않은 자 (명),유학생,11117,6269,4848
경북,2019,한국국적을 가지지 않은 자 (명),외국국적동포,6085,3552,2533
경북,2019,한국국적을 가지지 않은 자 (명),기타외국인,30148,16705,13443
경북,2019,한국국적을 취득한 자 (명),소계,7118,498,6620
경북,2019,외국인주민자녀(출생) (명),소계,15638,7956,7682
경북,2020,총인구 (명),소계,2644757,1338823,1305934
경북,2020,합계 (명),소계,98566,53528,45038
경북,2020,한국국적을 가지지 않은 자 (명),소계,74547,44685,29862
경북,2020,한국국적을 가지지 않은 자 (명),외국인근로자,23431,20447,2984
경북,2020,한국국적을 가지지 않은 자 (명),결혼이민자,7987,940,7047
경북,2020,한국국적을 가지지 않은 자 (명),유학생,9626,5550,4076
경북,2020,한국국적을 가지지 않은 자 (명),외국국적동포,6194,3454,2740
경북,2020,한국국적을 가지지 않은 자 (명),기타외국인,27309,14294,13015
경북,2020,한국국적을 취득한 자 (명),소계,7769,538,7231
경북,2020,외국인주민자녀(출생) (명),소계,16250,8305,7945
경북,2021,총인구 (명),소계,2635314,1332376,1302938
경북,2021,합계 (명),소계,98197,52290,45907
경북,2021,한국국적을 가지지 않은 자 (명),소계,72798,42978,29820
경북,2021,한국국적을 가지지 않은 자 (명),외국인근로자,21253,18516,2737
경북,2021,한국국적을 가지지 않은 자 (명),결혼이민자,7924,998,6926
경북,2021,한국국적을 가지지 않은 자 (명),유학생,10268,5852,4416
경북,2021,한국국적을 가지지 않은 자 (명),외국국적동포,6964,3875,3089
경북,2021,한국국적을 가지지 않은 자 (명),기타외국인,26389,13737,12652
경북,2021,한국국적을 취득한 자 (명),소계,8377,603,7774
경북,2021,외국인주민자녀(출생) (명),소계,17022,8709,8313
경북,2022,총인구 (명),소계,2620373,1327631,1292742
경북,2022,합계 (명),소계,104564,56390,48174
경북,2022,한국국적을 가지지 않은 자 (명),소계,78148,46817,31331
경북,2022,한국국적을 가지지 않은 자 (명),외국인근로자,22962,20255,2707
경북,2022,한국국적을 가지지 않은 자 (명),결혼이민자,7757,1053,6704
경북,2022,한국국적을 가지지 않은 자 (명),유학생,11275,6480,4795
경북,2022,한국국적을 가지지 않은 자 (명),외국국적동포,7869,4310,3559
경북,2022,한국국적을 가지지 않은 자 (명),기타외국인,28285,14719,13566
경북,2022,한국국적을 취득한 자 (명),소계,8996,688,8308
경북,2022,외국인주민자녀(출생) (명),소계,17420,8885,8535
경남,2015,총인구 (명),소계,3334524,-,-
경남,2015,합계 (명),소계,112387,72319,40068
경남,2015,한국국적을 가지지 않은 자 (명),소계,90361,64330,26031
경남,2015,한국국적을 가지지 않은 자 (명),외국인근로자,52900,47085,5815
경남,2015,한국국적을 가지지 않은 자 (명),결혼이민자,9249,1062,8187
경남,2015,한국국적을 가지지 않은 자 (명),유학생,1671,893,778
경남,2015,한국국적을 가지지 않은 자 (명),외국국적동포,7040,4322,2718
경남,2015,한국국적을 가지지 않은 자 (명),기타외국인,19501,10968,8533
경남,2015,한국국적을 취득한 자 (명),소계,7550,592,6958
경남,2015,한국국적을 취득한 자 (명),혼인귀화자,5883,206,5677
경남,2015,한국국적을 취득한 자 (명),기타사유,1667,386,1281
경남,2015,외국인주민자녀(출생) (명),소계,14476,7397,7079
경남,2015,외국인주민자녀(출생) (명),외국인 부모,170,89,81
경남,2015,외국인주민자녀(출생) (명),외국인-한국인부모,13731,7015,6716
경남,2015,외국인주민자녀(출생) (명),한국인 부모,575,293,282
경남,2015,외국인주민 세대수 (세대),소계,18238,-,-
경남,2016,총인구 (명),소계,3339633,-,-
경남,2016,합계 (명),소계,114594,72868,41726
경남,2016,한국국적을 가지지 않은 자 (명),소계,92185,64895,27290
경남,2016,한국국적을 가지지 않은 자 (명),외국인근로자,50113,44621,5492
경남,2016,한국국적을 가지지 않은 자 (명),결혼이민자,9554,1177,8377
경남,2016,한국국적을 가지지 않은 자 (명),유학생,1770,886,884
경남,2016,한국국적을 가지지 않은 자 (명),외국국적동포,8125,5011,3114
경남,2016,한국국적을 가지지 않은 자 (명),기타외국인,22623,13200,9423
경남,2016,한국국적을 취득한 자 (명),소계,8375,665,7710
경남,2016,외국인주민자녀(출생) (명),소계,14034,7308,6726
경남,2017,총인구 (명),소계,3345293,-,-
경남,2017,합계 (명),소계,116379,71644,44735
경남,2017,한국국적을 가지지 않은 자 (명),소계,91072,62550,28522
경남,2017,한국국적을 가지지 않은 자 (명),외국인근로자,44877,39778,5099
경남,2017,한국국적을 가지지 않은 자 (명),결혼이민자,9738,1288,8450
경남,2017,한국국적을 가지지 않은 자 (명),유학생,2559,1414,1145
경남,2017,한국국적을 가지지 않은 자 (명),외국국적동포,9157,5490,3667
경남,2017,한국국적을 가지지 않은 자 (명),기타외국인,24741,14580,10161
경남,2017,한국국적을 취득한 자 (명),소계,8987,697,8290
경남,2017,외국인주민자녀(출생) (명),소계,16320,8397,7923
경남,2018,총인구 (명),소계,3350350,1703904,1646446
경남,2018,합계 (명),소계,123947,75537,48410
경남,2018,한국국적을 가지지 않은 자 (명),소계,97494,65918,31576
경남,2018,한국국적을 가지지 않은 자 (명),외국인근로자,43665,38612,5053
경남,2018,한국국적을 가지지 않은 자 (명),결혼이민자,9927,1411,8516
경남,2018,한국국적을 가지지 않은 자 (명),유학생,3091,1735,1356
경남,2018,한국국적을 가지지 않은 자 (명),외국국적동포,9305,5500,3805
경남,2018,한국국적을 가지지 않은 자 (명),기타외국인,31506,18660,12846
경남,2018,한국국적을 취득한 자 (명),소계,9179,707,8472
경남,2018,외국인주민자녀(출생) (명),소계,17274,8912,8362
경남,2019,총인구 (명),소계,3347209,1703892,1643317
경남,2019,합계 (명),소계,134675,81804,52871
경남,2019,한국국적을 가지지 않은 자 (명),소계,105908,71212,34696
경남,2019,한국국적을 가지지 않은 자 (명),외국인근로자,43162,38187,4975
경남,2019,한국국적을 가지지 않은 자 (명),결혼이민자,10305,1555,8750
경남,2019,한국국적을 가지지 않은 자 (명),유학생,3640,2032,1608
경남,2019,한국국적을 가지지 않은 자 (명),외국국적동포,9413,5584,3829
경남,2019,한국국적을 가지지 않은 자 (명),기타외국인,39388,23854,15534
경남,2019,한국국적을 취득한 자 (명),소계,9691,721,8970
경남,2019,외국인주민자녀(출생) (명),소계,19076,9871,9205
경남,2020,총인구 (명),소계,3333056,1692212,1640844
경남,2020,합계 (명),소계,126445,74091,52354
경남,2020,한국국적을 가지지 않은 자 (명),소계,96669,63112,33557
경남,2020,한국국적을 가지지 않은 자 (명),외국인근로자,37628,33405,4223
경남,2020,한국국적을 가지지 않은 자 (명),결혼이민자,10661,1709,8952
경남,2020,한국국적을 가지지 않은 자 (명),유학생,3407,1999,1408
경남,2020,한국국적을 가지지 않은 자 (명),외국국적동포,9889,5719,4170
경남,2020,한국국적을 가지지 않은 자 (명),기타외국인,35084,20280,14804
경남,2020,한국국적을 취득한 자 (명),소계,10117,780,9337
경남,2020,외국인주민자녀(출생) (명),소계,19659,10199,9460
경남,2021,총인구 (명),소계,3305931,1676753,1629178
경남,2021,합계 (명),소계,123074,70429,52645
경남,2021,한국국적을 가지지 않은 자 (명),소계,91836,58930,32906
경남,2021,한국국적을 가지지 않은 자 (명),외국인근로자,33341,29562,3779
경남,2021,한국국적을 가지지 않은 자 (명),결혼이민자,10525,1813,8712
경남,2021,한국국적을 가지지 않은 자 (명),유학생,3950,2196,1754
경남,2021,한국국적을 가지지 않은 자 (명),외국국적동포,10349,5903,4446
경남,2021,한국국적을 가지지 않은 자 (명),기타외국인,33671,19456,14215
경남,2021,한국국적을 취득한 자 (명),소계,10721,851,9870
경남,2021,외국인주민자녀(출생) (명),소계,20517,10648,9869
경남,2022,총인구 (명),소계,3280829,1664969,1615860
경남,2022,합계 (명),소계,128701,74204,54497
경남,2022,한국국적을 가지지 않은 자 (명),소계,96303,62413,33890
경남,2022,한국국적을 가지지 않은 자 (명),외국인근로자,35825,31809,4016
경남,2022,한국국적을 가지지 않은 자 (명),결혼이민자,10195,1869,8326
경남,2022,한국국적을 가지지 않은 자 (명),유학생,4414,2513,1901
경남,2022,한국국적을 가지지 않은 자 (명),외국국적동포,11100,6252,4848
경남,2022,한국국적을 가지지 않은 자 (명),기타외국인,34769,19970,14799
경남,2022,한국국적을 취득한 자 (명),소계,11454,937,10517
경남,2022,외국인주민자녀(출생) (명),소계,20944,10854,10090
제주,2015,총인구 (명),소계,605619,-,-
제주,2015,합계 (명),소계,19524,10712,8812
제주,2015,한국국적을 가지지 않은 자 (명),소계,15146,8914,6232
제주,2015,한국국적을 가지지 않은 자 (명),외국인근로자,6383,5272,1111
제주,2015,한국국적을 가지지 않은 자 (명),결혼이민자,2119,299,1820
제주,2015,한국국적을 가지지 않은 자 (명),유학생,1052,496,556
제주,2015,한국국적을 가지지 않은 자 (명),외국국적동포,1471,682,789
제주,2015,한국국적을 가지지 않은 자 (명),기타외국인,4121,2165,1956
제주,2015,한국국적을 취득한 자 (명),소계,1327,220,1107
제주,2015,한국국적을 취득한 자 (명),혼인귀화자,857,53,804
제주,2015,한국국적을 취득한 자 (명),기타사유,470,167,303
제주,2015,외국인주민자녀(출생) (명),소계,3051,1578,1473
제주,2015,외국인주민자녀(출생) (명),외국인 부모,42,20,22
제주,2015,외국인주민자녀(출생) (명),외국인-한국인부모,2819,1458,1361
제주,2015,외국인주민자녀(출생) (명),한국인 부모,190,100,90
제주,2015,외국인주민 세대수 (세대),소계,3939,-,-
제주,2016,총인구 (명),소계,623332,-,-
제주,2016,합계 (명),소계,22102,12076,10026
제주,2016,한국국적을 가지지 않은 자 (명),소계,17476,10194,7282
제주,2016,한국국적을 가지지 않은 자 (명),외국인근로자,7460,5971,1489
제주,2016,한국국적을 가지지 않은 자 (명),결혼이민자,2290,306,1984
제주,2016,한국국적을 가지지 않은 자 (명),유학생,1123,519,604
제주,2016,한국국적을 가지지 않은 자 (명),외국국적동포,1709,775,934
제주,2016,한국국적을 가지지 않은 자 (명),기타외국인,4894,2623,2271
제주,2016,한국국적을 취득한 자 (명),소계,1532,273,1259
제주,2016,외국인주민자녀(출생) (명),소계,3094,1609,1485
제주,2017,총인구 (명),소계,641757,-,-
제주,2017,합계 (명),소계,25646,13802,11844
제주,2017,한국국적을 가지지 않은 자 (명),소계,20400,11652,8748
제주,2017,한국국적을 가지지 않은 자 (명),외국인근로자,8752,6634,2118
제주,2017,한국국적을 가지지 않은 자 (명),결혼이민자,2468,352,2116
제주,2017,한국국적을 가지지 않은 자 (명),유학생,1349,623,726
제주,2017,한국국적을 가지지 않은 자 (명),외국국적동포,1911,890,1021
제주,2017,한국국적을 가지지 않은 자 (명),기타외국인,5920,3153,2767
제주,2017,한국국적을 취득한 자 (명),소계,1721,309,1412
제주,2017,외국인주민자녀(출생) (명),소계,3525,1841,1684
제주,2018,총인구 (명),소계,658282,333019,325263
제주,2018,합계 (명),소계,31032,17222,13810
제주,2018,한국국적을 가지지 않은 자 (명),소계,25287,14884,10403
제주,2018,한국국적을 가지지 않은 자 (명),외국인근로자,10040,7486,2554
제주,2018,한국국적을 가지지 않은 자 (명),결혼이민자,2617,393,2224
제주,2018,한국국적을 가지지 않은 자 (명),유학생,1886,1025,861
제주,2018,한국국적을 가지지 않은 자 (명),외국국적동포,2034,933,1101
제주,2018,한국국적을 가지지 않은 자 (명),기타외국인,8710,5047,3663
제주,2018,한국국적을 취득한 자 (명),소계,1888,336,1552
제주,2018,외국인주민자녀(출생) (명),소계,3857,2002,1855
제주,2019,총인구 (명),소계,665048,336598,328450
제주,2019,합계 (명),소계,34473,19097,15376
제주,2019,한국국적을 가지지 않은 자 (명),소계,28017,16496,11521
제주,2019,한국국적을 가지지 않은 자 (명),외국인근로자,10063,7571,2492
제주,2019,한국국적을 가지지 않은 자 (명),결혼이민자,2742,407,2335
제주,2019,한국국적을 가지지 않은 자 (명),유학생,2290,1358,932
제주,2019,한국국적을 가지지 않은 자 (명),외국국적동포,2087,999,1088
제주,2019,한국국적을 가지지 않은 자 (명),기타외국인,10835,6161,4674
제주,2019,한국국적을 취득한 자 (명),소계,2112,373,1739
제주,2019,외국인주민자녀(출생) (명),소계,4344,2228,2116
제주,2020,총인구 (명),소계,670858,338173,332685
제주,2020,합계 (명),소계,33782,17909,15873
제주,2020,한국국적을 가지지 않은 자 (명),소계,26831,15169,11662
제주,2020,한국국적을 가지지 않은 자 (명),외국인근로자,9149,6886,2263
제주,2020,한국국적을 가지지 않은 자 (명),결혼이민자,2887,460,2427
제주,2020,한국국적을 가지지 않은 자 (명),유학생,2059,1221,838
제주,2020,한국국적을 가지지 않은 자 (명),외국국적동포,2222,1036,1186
제주,2020,한국국적을 가지지 않은 자 (명),기타외국인,10514,5566,4948
제주,2020,한국국적을 취득한 자 (명),소계,2320,394,1926
제주,2020,외국인주민자녀(출생) (명),소계,4631,2346,2285
제주,2021,총인구 (명),소계,673107,338809,334298
제주,2021,합계 (명),소계,32643,17214,15429
제주,2021,한국국적을 가지지 않은 자 (명),소계,25210,14288,10922
제주,2021,한국국적을 가지지 않은 자 (명),외국인근로자,8476,6486,1990
제주,2021,한국국적을 가지지 않은 자 (명),결혼이민자,2929,490,2439
제주,2021,한국국적을 가지지 않은 자 (명),유학생,2037,1191,846
제주,2021,한국국적을 가지지 않은 자 (명),외국국적동포,2207,1059,1148
제주,2021,한국국적을 가지지 않은 자 (명),기타외국인,9561,5062,4499
제주,2021,한국국적을 취득한 자 (명),소계,2468,419,2049
제주,2021,외국인주민자녀(출생) (명),소계,4965,2507,2458
제주,2022,총인구 (명),소계,676375,340665,335710
제주,2022,합계 (명),소계,33908,18405,15503
제주,2022,한국국적을 가지지 않은 자 (명),소계,26150,15343,10807
제주,2022,한국국적을 가지지 않은 자 (명),외국인근로자,9415,7454,1961
제주,2022,한국국적을 가지지 않은 자 (명),결혼이민자,2954,532,2422
제주,2022,한국국적을 가지지 않은 자 (명),유학생,1816,1048,768
제주,2022,한국국적을 가지지 않은 자 (명),외국국적동포,2241,1069,1172
제주,2022,한국국적을 가지지 않은 자 (명),기타외국인,9724,5240,4484
제주,2022,한국국적을 취득한 자 (명),소계,2611,458,2153
제주,2022,외국인주민자녀(출생) (명),소계,5147,2604,2543
